[debug] [2026-09-30T15:34:12.039Z] ----------------------------------------------------------------------
[debug] [2026-09-30T15:34:12.041Z] Command:       /usr/local/share/nvm/versions/node/v24.14.0/bin/node /home/codespace/nvm/current/bin/firebase deploy --only functions
[debug] [2026-09-30T15:34:12.042Z] CLI Version:   15.32.0
[debug] [2026-09-30T15:34:12.042Z] Platform:      linux
[debug] [2026-09-30T15:34:12.043Z] Node Version:  v24.14.0
[debug] [2026-09-30T15:34:12.043Z] Detected Agent: unknown
[debug] [2026-09-30T15:34:12.043Z] Time:          Wed Sep 30 2026 15:34:12 GMT+0000 (Coordinated Universal Time)
[debug] [2026-09-30T15:34:12.043Z] ----------------------------------------------------------------------
[debug] 
[debug] [2026-09-30T15:34:15.647Z] > command requires scopes: ["email","openid","https://www.googleapis.com/auth/cloudplatformprojects.readonly","https://www.googleapis.com/auth/firebase","https://www.googleapis.com/auth/cloud-platform"]
[debug] [2026-09-30T15:34:15.648Z] > authorizing via signed-in user (tomio.davide@gmail.com)
[debug] [2026-09-30T15:34:15.648Z] [iam] checking project pokemonsuite-didi-lu for permissions ["cloudfunctions.functions.create","cloudfunctions.functions.delete","cloudfunctions.functions.get","cloudfunctions.functions.list","cloudfunctions.functions.update","cloudfunctions.operations.get","firebase.projects.get"]
[debug] [2026-09-30T15:34:15.684Z] Checked if tokens are valid: true, expires at: 1790785655648
[debug] [2026-09-30T15:34:15.685Z] Checked if tokens are valid: true, expires at: 1790785655648
[debug] [2026-09-30T15:34:15.686Z] >>> [apiv2][query] POST https://cloudresourcemanager.googleapis.com/v1/projects/pokemonsuite-didi-lu:testIamPermissions [none]
[debug] [2026-09-30T15:34:15.686Z] >>> [apiv2][(partial)header] POST https://cloudresourcemanager.googleapis.com/v1/projects/pokemonsuite-didi-lu:testIamPermissions  x-goog-user-project=pokemonsuite-didi-lu
[debug] [2026-09-30T15:34:15.686Z] >>> [apiv2][body] POST https://cloudresourcemanager.googleapis.com/v1/projects/pokemonsuite-didi-lu:testIamPermissions {"permissions":["cloudfunctions.functions.create","cloudfunctions.functions.delete","cloudfunctions.functions.get","cloudfunctions.functions.list","cloudfunctions.functions.update","cloudfunctions.operations.get","firebase.projects.get"]}
[debug] [2026-09-30T15:34:16.442Z] <<< [apiv2][status] POST https://cloudresourcemanager.googleapis.com/v1/projects/pokemonsuite-didi-lu:testIamPermissions 200
[debug] [2026-09-30T15:34:16.442Z] <<< [apiv2][body] POST https://cloudresourcemanager.googleapis.com/v1/projects/pokemonsuite-didi-lu:testIamPermissions {"permissions":["cloudfunctions.functions.create","cloudfunctions.functions.delete","cloudfunctions.functions.get","cloudfunctions.functions.list","cloudfunctions.functions.update","cloudfunctions.operations.get","firebase.projects.get"]}
[debug] [2026-09-30T15:34:16.444Z] Checked if tokens are valid: true, expires at: 1790785655648
[debug] [2026-09-30T15:34:16.444Z] Checked if tokens are valid: true, expires at: 1790785655648
[debug] [2026-09-30T15:34:16.444Z] >>> [apiv2][query] POST https://iam.googleapis.com/v1/projects/pokemonsuite-didi-lu/serviceAccounts/pokemonsuite-didi-lu@appspot.gserviceaccount.com:testIamPermissions [none]
[debug] [2026-09-30T15:34:16.444Z] >>> [apiv2][body] POST https://iam.googleapis.com/v1/projects/pokemonsuite-didi-lu/serviceAccounts/pokemonsuite-didi-lu@appspot.gserviceaccount.com:testIamPermissions {"permissions":["iam.serviceAccounts.actAs"]}
[debug] [2026-09-30T15:34:17.109Z] <<< [apiv2][status] POST https://iam.googleapis.com/v1/projects/pokemonsuite-didi-lu/serviceAccounts/pokemonsuite-didi-lu@appspot.gserviceaccount.com:testIamPermissions 200
[debug] [2026-09-30T15:34:17.109Z] <<< [apiv2][body] POST https://iam.googleapis.com/v1/projects/pokemonsuite-didi-lu/serviceAccounts/pokemonsuite-didi-lu@appspot.gserviceaccount.com:testIamPermissions {"permissions":["iam.serviceAccounts.actAs"]}
[info] 
[info] === Deploying to 'pokemonsuite-didi-lu'...
[info] 
[info] i  deploying functions 
[debug] [2026-09-30T15:34:17.116Z] Checked if tokens are valid: true, expires at: 1790785655648
[debug] [2026-09-30T15:34:17.116Z] Checked if tokens are valid: true, expires at: 1790785655648
[debug] [2026-09-30T15:34:17.116Z] >>> [apiv2][query] GET https://serviceusage.googleapis.com/v1/projects/pokemonsuite-didi-lu/services/cloudresourcemanager.googleapis.com [none]
[debug] [2026-09-30T15:34:17.116Z] >>> [apiv2][(partial)header] GET https://serviceusage.googleapis.com/v1/projects/pokemonsuite-didi-lu/services/cloudresourcemanager.googleapis.com  x-goog-user-project=pokemonsuite-didi-lu
[debug] [2026-09-30T15:34:17.921Z] <<< [apiv2][status] GET https://serviceusage.googleapis.com/v1/projects/pokemonsuite-didi-lu/services/cloudresourcemanager.googleapis.com 200
[debug] [2026-09-30T15:34:17.921Z] <<< [apiv2][body] GET https://serviceusage.googleapis.com/v1/projects/pokemonsuite-didi-lu/services/cloudresourcemanager.googleapis.com [omitted]
[debug] [2026-09-30T15:34:17.927Z] Checked if tokens are valid: true, expires at: 1790785655648
[debug] [2026-09-30T15:34:17.927Z] Checked if tokens are valid: true, expires at: 1790785655648
[debug] [2026-09-30T15:34:17.927Z] >>> [apiv2][query] GET https://cloudresourcemanager.googleapis.com/v1/projects/pokemonsuite-didi-lu [none]
[debug] [2026-09-30T15:34:18.134Z] <<< [apiv2][status] GET https://cloudresourcemanager.googleapis.com/v1/projects/pokemonsuite-didi-lu 200
[debug] [2026-09-30T15:34:18.134Z] <<< [apiv2][body] GET https://cloudresourcemanager.googleapis.com/v1/projects/pokemonsuite-didi-lu {"projectNumber":"707115539525","projectId":"pokemonsuite-didi-lu","lifecycleState":"ACTIVE","name":"PokemonSuite-didi-lu","labels":{"firebase":"enabled","firebase-core":"disabled"},"createTime":"2026-02-12T17:11:27.638731Z"}
[info] i  functions: preparing codebase default for deployment 
[info] i  functions: ensuring required API cloudfunctions.googleapis.com is enabled... 
[info] i  functions: ensuring required API cloudbuild.googleapis.com is enabled... 
[debug] [2026-09-30T15:34:18.136Z] Checked if tokens are valid: true, expires at: 1790785655648
[debug] [2026-09-30T15:34:18.137Z] Checked if tokens are valid: true, expires at: 1790785655648
[info] i  artifactregistry: ensuring required API artifactregistry.googleapis.com is enabled... 
[debug] [2026-09-30T15:34:18.137Z] Checked if tokens are valid: true, expires at: 1790785655648
[debug] [2026-09-30T15:34:18.137Z] Checked if tokens are valid: true, expires at: 1790785655648
[debug] [2026-09-30T15:34:18.137Z] >>> [apiv2][query] GET https://serviceusage.googleapis.com/v1/projects/pokemonsuite-didi-lu/services/cloudbuild.googleapis.com [none]
[debug] [2026-09-30T15:34:18.137Z] >>> [apiv2][(partial)header] GET https://serviceusage.googleapis.com/v1/projects/pokemonsuite-didi-lu/services/cloudbuild.googleapis.com  x-goog-user-project=pokemonsuite-didi-lu
[debug] [2026-09-30T15:34:18.138Z] >>> [apiv2][query] GET https://serviceusage.googleapis.com/v1/projects/pokemonsuite-didi-lu/services/artifactregistry.googleapis.com [none]
[debug] [2026-09-30T15:34:18.138Z] >>> [apiv2][(partial)header] GET https://serviceusage.googleapis.com/v1/projects/pokemonsuite-didi-lu/services/artifactregistry.googleapis.com  x-goog-user-project=pokemonsuite-didi-lu
[debug] [2026-09-30T15:34:18.482Z] <<< [apiv2][status] GET https://serviceusage.googleapis.com/v1/projects/pokemonsuite-didi-lu/services/artifactregistry.googleapis.com 200
[debug] [2026-09-30T15:34:18.482Z] <<< [apiv2][body] GET https://serviceusage.googleapis.com/v1/projects/pokemonsuite-didi-lu/services/artifactregistry.googleapis.com [omitted]
[warn] ⚠  artifactregistry: missing required API artifactregistry.googleapis.com. Enabling now... 
[debug] [2026-09-30T15:34:18.483Z] Checked if tokens are valid: true, expires at: 1790785655648
[debug] [2026-09-30T15:34:18.483Z] Checked if tokens are valid: true, expires at: 1790785655648
[debug] [2026-09-30T15:34:18.483Z] >>> [apiv2][query] POST https://serviceusage.googleapis.com/v1/projects/pokemonsuite-didi-lu/services/artifactregistry.googleapis.com:enable [none]
[debug] [2026-09-30T15:34:18.483Z] >>> [apiv2][(partial)header] POST https://serviceusage.googleapis.com/v1/projects/pokemonsuite-didi-lu/services/artifactregistry.googleapis.com:enable  x-goog-user-project=pokemonsuite-didi-lu
[debug] [2026-09-30T15:34:18.904Z] <<< [apiv2][status] GET https://serviceusage.googleapis.com/v1/projects/pokemonsuite-didi-lu/services/cloudbuild.googleapis.com 200
[debug] [2026-09-30T15:34:18.904Z] <<< [apiv2][body] GET https://serviceusage.googleapis.com/v1/projects/pokemonsuite-didi-lu/services/cloudbuild.googleapis.com [omitted]
[warn] ⚠  functions: missing required API cloudbuild.googleapis.com. Enabling now... 
[debug] [2026-09-30T15:34:18.905Z] Checked if tokens are valid: true, expires at: 1790785655648
[debug] [2026-09-30T15:34:18.905Z] Checked if tokens are valid: true, expires at: 1790785655648
[debug] [2026-09-30T15:34:18.906Z] >>> [apiv2][query] POST https://serviceusage.googleapis.com/v1/projects/pokemonsuite-didi-lu/services/cloudbuild.googleapis.com:enable [none]
[debug] [2026-09-30T15:34:18.906Z] >>> [apiv2][(partial)header] POST https://serviceusage.googleapis.com/v1/projects/pokemonsuite-didi-lu/services/cloudbuild.googleapis.com:enable  x-goog-user-project=pokemonsuite-didi-lu
[debug] [2026-09-30T15:34:20.117Z] <<< [apiv2][status] POST https://serviceusage.googleapis.com/v1/projects/pokemonsuite-didi-lu/services/artifactregistry.googleapis.com:enable 200
[debug] [2026-09-30T15:34:20.117Z] <<< [apiv2][body] POST https://serviceusage.googleapis.com/v1/projects/pokemonsuite-didi-lu/services/artifactregistry.googleapis.com:enable [omitted]
[debug] [2026-09-30T15:34:20.342Z] <<< [apiv2][status] POST https://serviceusage.googleapis.com/v1/projects/pokemonsuite-didi-lu/services/cloudbuild.googleapis.com:enable 200
[debug] [2026-09-30T15:34:20.343Z] <<< [apiv2][body] POST https://serviceusage.googleapis.com/v1/projects/pokemonsuite-didi-lu/services/cloudbuild.googleapis.com:enable [omitted]
[debug] [2026-09-30T15:34:30.348Z] Checked if tokens are valid: true, expires at: 1790785655648
[debug] [2026-09-30T15:34:30.348Z] Checked if tokens are valid: true, expires at: 1790785655648
[debug] [2026-09-30T15:34:30.349Z] >>> [apiv2][query] GET https://firebase.googleapis.com/v1beta1/projects/pokemonsuite-didi-lu/adminSdkConfig [none]
[debug] [2026-09-30T15:34:30.705Z] <<< [apiv2][status] GET https://firebase.googleapis.com/v1beta1/projects/pokemonsuite-didi-lu/adminSdkConfig 200
[debug] [2026-09-30T15:34:30.705Z] <<< [apiv2][body] GET https://firebase.googleapis.com/v1beta1/projects/pokemonsuite-didi-lu/adminSdkConfig {"projectId":"pokemonsuite-didi-lu","databaseURL":"https://pokemonsuite-didi-lu-default-rtdb.europe-west1.firebasedatabase.app","storageBucket":"pokemonsuite-didi-lu.firebasestorage.app"}
[debug] [2026-09-30T15:34:30.708Z] Validating nodejs source
[debug] [2026-09-30T15:34:31.133Z] > [functions] package.json contents: {
  "name": "functions",
  "description": "Cloud Functions for Firebase",
  "scripts": {
    "serve": "firebase emulators:start --only functions",
    "shell": "firebase functions:shell",
    "start": "npm run shell",
    "deploy": "firebase deploy --only functions",
    "logs": "firebase functions:log"
  },
  "engines": {
    "node": "24"
  },
  "main": "index.js",
  "dependencies": {
    "firebase-admin": "^13.6.0",
    "firebase-functions": "^7.0.0"
  },
  "devDependencies": {
    "firebase-functions-test": "^3.4.1"
  },
  "private": true
}
[debug] [2026-09-30T15:34:31.133Z] Building nodejs source
[info] i  functions: Loaded environment variables from functions/.env 
[info] i  functions: Loading and analyzing source code for codebase default to determine what to deploy 
[debug] [2026-09-30T15:34:31.136Z] Could not find functions.yaml. Must use http discovery
[debug] [2026-09-30T15:34:31.146Z] Found firebase-functions binary at '/workspaces/didi-lu/functions/node_modules/.bin/firebase-functions'
[info] Serving at port 8436

[debug] [2026-09-30T15:34:32.442Z] Got response from /__/functions.yaml {"specVersion":"v1alpha1","endpoints":{"apriPartita":{"availableMemoryMb":512,"timeoutSeconds":60,"minInstances":null,"maxInstances":null,"ingressSettings":null,"concurrency":null,"serviceAccountEmail":null,"vpc":null,"platform":"gcfv2","region":["europe-west1"],"labels":{},"callableTrigger":{},"entryPoint":"apriPartita"},"prontoPartita":{"availableMemoryMb":512,"timeoutSeconds":60,"minInstances":null,"maxInstances":null,"ingressSettings":null,"concurrency":null,"serviceAccountEmail":null,"vpc":null,"platform":"gcfv2","region":["europe-west1"],"labels":{},"callableTrigger":{},"entryPoint":"prontoPartita"},"inviaScelta":{"availableMemoryMb":512,"timeoutSeconds":60,"minInstances":0,"maxInstances":null,"ingressSettings":null,"concurrency":null,"serviceAccountEmail":null,"vpc":null,"platform":"gcfv2","region":["europe-west1"],"labels":{},"callableTrigger":{},"entryPoint":"inviaScelta"},"salvaPartitaConclusa":{"availableMemoryMb":512,"timeoutSeconds":300,"minInstances":null,"maxInstances":null,"ingressSettings":null,"concurrency":null,"serviceAccountEmail":null,"vpc":null,"platform":"gcfv2","region":["europe-west1"],"labels":{},"eventTrigger":{"eventType":"google.firebase.database.ref.v1.written","eventFilters":{"instance":"pokemonsuite-didi-lu-default-rtdb"},"eventFilterPathPatterns":{"ref":"partite/{id}/stato"},"retry":false},"entryPoint":"salvaPartitaConclusa"}},"extensions":{},"requiredAPIs":[]}
[debug] [2026-09-30T15:34:35.483Z] Checked if tokens are valid: true, expires at: 1790785655648
[debug] [2026-09-30T15:34:35.483Z] Checked if tokens are valid: true, expires at: 1790785655648
[debug] [2026-09-30T15:34:35.483Z] >>> [apiv2][query] GET https://cloudfunctions.googleapis.com/v1/projects/pokemonsuite-didi-lu/locations/-/functions [none]
[debug] [2026-09-30T15:34:36.088Z] <<< [apiv2][status] GET https://cloudfunctions.googleapis.com/v1/projects/pokemonsuite-didi-lu/locations/-/functions 200
[debug] [2026-09-30T15:34:36.088Z] <<< [apiv2][body] GET https://cloudfunctions.googleapis.com/v1/projects/pokemonsuite-didi-lu/locations/-/functions {}
[debug] [2026-09-30T15:34:36.089Z] Checked if tokens are valid: true, expires at: 1790785655648
[debug] [2026-09-30T15:34:36.089Z] Checked if tokens are valid: true, expires at: 1790785655648
[debug] [2026-09-30T15:34:36.089Z] >>> [apiv2][query] GET https://cloudfunctions.googleapis.com/v2/projects/pokemonsuite-didi-lu/locations/-/functions filter=environment%3D%22GEN_2%22
[debug] [2026-09-30T15:34:37.119Z] <<< [apiv2][status] GET https://cloudfunctions.googleapis.com/v2/projects/pokemonsuite-didi-lu/locations/-/functions 200
[debug] [2026-09-30T15:34:37.119Z] <<< [apiv2][body] GET https://cloudfunctions.googleapis.com/v2/projects/pokemonsuite-didi-lu/locations/-/functions {}
[info] i  extensions: ensuring required API firebaseextensions.googleapis.com is enabled... 
[debug] [2026-09-30T15:34:37.120Z] Checked if tokens are valid: true, expires at: 1790785655648
[debug] [2026-09-30T15:34:37.121Z] Checked if tokens are valid: true, expires at: 1790785655648
[debug] [2026-09-30T15:34:37.121Z] >>> [apiv2][query] GET https://serviceusage.googleapis.com/v1/projects/pokemonsuite-didi-lu/services/firebaseextensions.googleapis.com [none]
[debug] [2026-09-30T15:34:37.121Z] >>> [apiv2][(partial)header] GET https://serviceusage.googleapis.com/v1/projects/pokemonsuite-didi-lu/services/firebaseextensions.googleapis.com  x-goog-user-project=pokemonsuite-didi-lu
[debug] [2026-09-30T15:34:37.936Z] <<< [apiv2][status] GET https://serviceusage.googleapis.com/v1/projects/pokemonsuite-didi-lu/services/firebaseextensions.googleapis.com 200
[debug] [2026-09-30T15:34:37.936Z] <<< [apiv2][body] GET https://serviceusage.googleapis.com/v1/projects/pokemonsuite-didi-lu/services/firebaseextensions.googleapis.com [omitted]
[warn] ⚠  extensions: missing required API firebaseextensions.googleapis.com. Enabling now... 
[debug] [2026-09-30T15:34:37.937Z] Checked if tokens are valid: true, expires at: 1790785655648
[debug] [2026-09-30T15:34:37.937Z] Checked if tokens are valid: true, expires at: 1790785655648
[debug] [2026-09-30T15:34:37.937Z] >>> [apiv2][query] POST https://serviceusage.googleapis.com/v1/projects/pokemonsuite-didi-lu/services/firebaseextensions.googleapis.com:enable [none]
[debug] [2026-09-30T15:34:37.937Z] >>> [apiv2][(partial)header] POST https://serviceusage.googleapis.com/v1/projects/pokemonsuite-didi-lu/services/firebaseextensions.googleapis.com:enable  x-goog-user-project=pokemonsuite-didi-lu
[debug] [2026-09-30T15:34:39.168Z] <<< [apiv2][status] POST https://serviceusage.googleapis.com/v1/projects/pokemonsuite-didi-lu/services/firebaseextensions.googleapis.com:enable 200
[debug] [2026-09-30T15:34:39.168Z] <<< [apiv2][body] POST https://serviceusage.googleapis.com/v1/projects/pokemonsuite-didi-lu/services/firebaseextensions.googleapis.com:enable [omitted]
[debug] [2026-09-30T15:34:49.177Z] > command requires scopes: ["email","openid","https://www.googleapis.com/auth/cloudplatformprojects.readonly","https://www.googleapis.com/auth/firebase","https://www.googleapis.com/auth/cloud-platform"]
[debug] [2026-09-30T15:34:49.178Z] > authorizing via signed-in user (tomio.davide@gmail.com)
[debug] [2026-09-30T15:34:49.178Z] [iam] checking project pokemonsuite-didi-lu for permissions ["firebase.projects.get","firebaseextensions.instances.list"]
[debug] [2026-09-30T15:34:49.179Z] Checked if tokens are valid: true, expires at: 1790785655648
[debug] [2026-09-30T15:34:49.179Z] Checked if tokens are valid: true, expires at: 1790785655648
[debug] [2026-09-30T15:34:49.179Z] >>> [apiv2][query] POST https://cloudresourcemanager.googleapis.com/v1/projects/pokemonsuite-didi-lu:testIamPermissions [none]
[debug] [2026-09-30T15:34:49.179Z] >>> [apiv2][(partial)header] POST https://cloudresourcemanager.googleapis.com/v1/projects/pokemonsuite-didi-lu:testIamPermissions  x-goog-user-project=pokemonsuite-didi-lu
[debug] [2026-09-30T15:34:49.179Z] >>> [apiv2][body] POST https://cloudresourcemanager.googleapis.com/v1/projects/pokemonsuite-didi-lu:testIamPermissions {"permissions":["firebase.projects.get","firebaseextensions.instances.list"]}
[debug] [2026-09-30T15:34:49.837Z] <<< [apiv2][status] POST https://cloudresourcemanager.googleapis.com/v1/projects/pokemonsuite-didi-lu:testIamPermissions 200
[debug] [2026-09-30T15:34:49.837Z] <<< [apiv2][body] POST https://cloudresourcemanager.googleapis.com/v1/projects/pokemonsuite-didi-lu:testIamPermissions {"permissions":["firebase.projects.get","firebaseextensions.instances.list"]}
[debug] [2026-09-30T15:34:49.838Z] Checked if tokens are valid: true, expires at: 1790785655648
[debug] [2026-09-30T15:34:49.838Z] Checked if tokens are valid: true, expires at: 1790785655648
[debug] [2026-09-30T15:34:49.838Z] >>> [apiv2][query] GET https://firebaseextensions.googleapis.com/v1beta/projects/pokemonsuite-didi-lu/instances pageSize=100&pageToken=
[debug] [2026-09-30T15:34:51.768Z] <<< [apiv2][status] GET https://firebaseextensions.googleapis.com/v1beta/projects/pokemonsuite-didi-lu/instances 200
[debug] [2026-09-30T15:34:51.768Z] <<< [apiv2][body] GET https://firebaseextensions.googleapis.com/v1beta/projects/pokemonsuite-didi-lu/instances {}
[info] i  functions: Loaded environment variables from functions/.env 
[debug] [2026-09-30T15:34:51.770Z] Attempting to merge .env secret bindings {} into declared secrets...)}
[debug] [2026-09-30T15:34:51.770Z] apriPartita declared secrets: undefined
[debug] [2026-09-30T15:34:51.770Z] prontoPartita declared secrets: undefined
[debug] [2026-09-30T15:34:51.770Z] inviaScelta declared secrets: undefined
[debug] [2026-09-30T15:34:51.770Z] salvaPartitaConclusa declared secrets: undefined
[info] i  functions: preparing functions directory for uploading... 
[info] i  functions: packaged /workspaces/didi-lu/functions (88.56 KB) for uploading 
[info] i  functions: ensuring required API run.googleapis.com is enabled... 
[debug] [2026-09-30T15:34:51.857Z] Checked if tokens are valid: true, expires at: 1790785655648
[debug] [2026-09-30T15:34:51.857Z] Checked if tokens are valid: true, expires at: 1790785655648
[info] i  functions: ensuring required API eventarc.googleapis.com is enabled... 
[debug] [2026-09-30T15:34:51.857Z] Checked if tokens are valid: true, expires at: 1790785655648
[debug] [2026-09-30T15:34:51.857Z] Checked if tokens are valid: true, expires at: 1790785655648
[info] i  functions: ensuring required API pubsub.googleapis.com is enabled... 
[debug] [2026-09-30T15:34:51.858Z] Checked if tokens are valid: true, expires at: 1790785655648
[debug] [2026-09-30T15:34:51.858Z] Checked if tokens are valid: true, expires at: 1790785655648
[info] i  functions: ensuring required API storage.googleapis.com is enabled... 
[debug] [2026-09-30T15:34:51.858Z] Checked if tokens are valid: true, expires at: 1790785655648
[debug] [2026-09-30T15:34:51.858Z] Checked if tokens are valid: true, expires at: 1790785655648
[debug] [2026-09-30T15:34:51.858Z] >>> [apiv2][query] GET https://serviceusage.googleapis.com/v1/projects/707115539525/services/run.googleapis.com [none]
[debug] [2026-09-30T15:34:51.858Z] >>> [apiv2][(partial)header] GET https://serviceusage.googleapis.com/v1/projects/707115539525/services/run.googleapis.com  x-goog-user-project=707115539525
[debug] [2026-09-30T15:34:51.859Z] >>> [apiv2][query] GET https://serviceusage.googleapis.com/v1/projects/707115539525/services/eventarc.googleapis.com [none]
[debug] [2026-09-30T15:34:51.859Z] >>> [apiv2][(partial)header] GET https://serviceusage.googleapis.com/v1/projects/707115539525/services/eventarc.googleapis.com  x-goog-user-project=707115539525
[debug] [2026-09-30T15:34:51.861Z] >>> [apiv2][query] GET https://serviceusage.googleapis.com/v1/projects/707115539525/services/pubsub.googleapis.com [none]
[debug] [2026-09-30T15:34:51.861Z] >>> [apiv2][(partial)header] GET https://serviceusage.googleapis.com/v1/projects/707115539525/services/pubsub.googleapis.com  x-goog-user-project=707115539525
[debug] [2026-09-30T15:34:51.863Z] >>> [apiv2][query] GET https://serviceusage.googleapis.com/v1/projects/707115539525/services/storage.googleapis.com [none]
[debug] [2026-09-30T15:34:51.863Z] >>> [apiv2][(partial)header] GET https://serviceusage.googleapis.com/v1/projects/707115539525/services/storage.googleapis.com  x-goog-user-project=707115539525
[debug] [2026-09-30T15:34:52.150Z] <<< [apiv2][status] GET https://serviceusage.googleapis.com/v1/projects/707115539525/services/eventarc.googleapis.com 200
[debug] [2026-09-30T15:34:52.150Z] <<< [apiv2][body] GET https://serviceusage.googleapis.com/v1/projects/707115539525/services/eventarc.googleapis.com [omitted]
[warn] ⚠  functions: missing required API eventarc.googleapis.com. Enabling now... 
[debug] [2026-09-30T15:34:52.151Z] Checked if tokens are valid: true, expires at: 1790785655648
[debug] [2026-09-30T15:34:52.151Z] Checked if tokens are valid: true, expires at: 1790785655648
[debug] [2026-09-30T15:34:52.151Z] >>> [apiv2][query] POST https://serviceusage.googleapis.com/v1/projects/707115539525/services/eventarc.googleapis.com:enable [none]
[debug] [2026-09-30T15:34:52.151Z] >>> [apiv2][(partial)header] POST https://serviceusage.googleapis.com/v1/projects/707115539525/services/eventarc.googleapis.com:enable  x-goog-user-project=707115539525
[debug] [2026-09-30T15:34:52.661Z] <<< [apiv2][status] GET https://serviceusage.googleapis.com/v1/projects/707115539525/services/run.googleapis.com 200
[debug] [2026-09-30T15:34:52.661Z] <<< [apiv2][body] GET https://serviceusage.googleapis.com/v1/projects/707115539525/services/run.googleapis.com [omitted]
[warn] ⚠  functions: missing required API run.googleapis.com. Enabling now... 
[debug] [2026-09-30T15:34:52.662Z] Checked if tokens are valid: true, expires at: 1790785655648
[debug] [2026-09-30T15:34:52.662Z] Checked if tokens are valid: true, expires at: 1790785655648
[debug] [2026-09-30T15:34:52.662Z] >>> [apiv2][query] POST https://serviceusage.googleapis.com/v1/projects/707115539525/services/run.googleapis.com:enable [none]
[debug] [2026-09-30T15:34:52.662Z] >>> [apiv2][(partial)header] POST https://serviceusage.googleapis.com/v1/projects/707115539525/services/run.googleapis.com:enable  x-goog-user-project=707115539525
[debug] [2026-09-30T15:34:52.666Z] <<< [apiv2][status] GET https://serviceusage.googleapis.com/v1/projects/707115539525/services/storage.googleapis.com 200
[debug] [2026-09-30T15:34:52.667Z] <<< [apiv2][body] GET https://serviceusage.googleapis.com/v1/projects/707115539525/services/storage.googleapis.com [omitted]
[info] ✔  functions: required API storage.googleapis.com is enabled 
[debug] [2026-09-30T15:34:52.692Z] <<< [apiv2][status] GET https://serviceusage.googleapis.com/v1/projects/707115539525/services/pubsub.googleapis.com 200
[debug] [2026-09-30T15:34:52.692Z] <<< [apiv2][body] GET https://serviceusage.googleapis.com/v1/projects/707115539525/services/pubsub.googleapis.com [omitted]
[info] ✔  functions: required API pubsub.googleapis.com is enabled 
[debug] [2026-09-30T15:34:53.591Z] <<< [apiv2][status] POST https://serviceusage.googleapis.com/v1/projects/707115539525/services/eventarc.googleapis.com:enable 200
[debug] [2026-09-30T15:34:53.591Z] <<< [apiv2][body] POST https://serviceusage.googleapis.com/v1/projects/707115539525/services/eventarc.googleapis.com:enable [omitted]
[debug] [2026-09-30T15:34:54.145Z] <<< [apiv2][status] POST https://serviceusage.googleapis.com/v1/projects/707115539525/services/run.googleapis.com:enable 200
[debug] [2026-09-30T15:34:54.146Z] <<< [apiv2][body] POST https://serviceusage.googleapis.com/v1/projects/707115539525/services/run.googleapis.com:enable [omitted]
[info] i  functions: generating the service identity for pubsub.googleapis.com... 
[debug] [2026-09-30T15:35:04.150Z] Checked if tokens are valid: true, expires at: 1790785655648
[debug] [2026-09-30T15:35:04.150Z] Checked if tokens are valid: true, expires at: 1790785655648
[info] i  functions: generating the service identity for eventarc.googleapis.com... 
[debug] [2026-09-30T15:35:04.150Z] Checked if tokens are valid: true, expires at: 1790785655648
[debug] [2026-09-30T15:35:04.150Z] Checked if tokens are valid: true, expires at: 1790785655648
[debug] [2026-09-30T15:35:04.150Z] >>> [apiv2][query] POST https://serviceusage.googleapis.com/v1beta1/projects/707115539525/services/pubsub.googleapis.com:generateServiceIdentity [none]
[debug] [2026-09-30T15:35:04.150Z] >>> [apiv2][(partial)header] POST https://serviceusage.googleapis.com/v1beta1/projects/707115539525/services/pubsub.googleapis.com:generateServiceIdentity  x-goog-user-project=707115539525
[debug] [2026-09-30T15:35:04.150Z] >>> [apiv2][body] POST https://serviceusage.googleapis.com/v1beta1/projects/707115539525/services/pubsub.googleapis.com:generateServiceIdentity {}
[debug] [2026-09-30T15:35:04.151Z] >>> [apiv2][query] POST https://serviceusage.googleapis.com/v1beta1/projects/707115539525/services/eventarc.googleapis.com:generateServiceIdentity [none]
[debug] [2026-09-30T15:35:04.152Z] >>> [apiv2][(partial)header] POST https://serviceusage.googleapis.com/v1beta1/projects/707115539525/services/eventarc.googleapis.com:generateServiceIdentity  x-goog-user-project=707115539525
[debug] [2026-09-30T15:35:04.152Z] >>> [apiv2][body] POST https://serviceusage.googleapis.com/v1beta1/projects/707115539525/services/eventarc.googleapis.com:generateServiceIdentity {}
[debug] [2026-09-30T15:35:04.801Z] <<< [apiv2][status] POST https://serviceusage.googleapis.com/v1beta1/projects/707115539525/services/eventarc.googleapis.com:generateServiceIdentity 200
[debug] [2026-09-30T15:35:04.801Z] <<< [apiv2][body] POST https://serviceusage.googleapis.com/v1beta1/projects/707115539525/services/eventarc.googleapis.com:generateServiceIdentity {"name":"operations/finished.DONE_OPERATION","done":true,"response":{"@type":"type.googleapis.com/google.api.serviceusage.v1beta1.ServiceIdentity","email":"service-707115539525@gcp-sa-eventarc.iam.gserviceaccount.com","uniqueId":"101884706463138743968"}}
[debug] [2026-09-30T15:35:05.016Z] <<< [apiv2][status] POST https://serviceusage.googleapis.com/v1beta1/projects/707115539525/services/pubsub.googleapis.com:generateServiceIdentity 200
[debug] [2026-09-30T15:35:05.017Z] <<< [apiv2][body] POST https://serviceusage.googleapis.com/v1beta1/projects/707115539525/services/pubsub.googleapis.com:generateServiceIdentity {"name":"operations/finished.DONE_OPERATION","done":true,"response":{"@type":"type.googleapis.com/google.api.serviceusage.v1beta1.ServiceIdentity","email":"service-707115539525@gcp-sa-pubsub.iam.gserviceaccount.com","uniqueId":"104006917566622398043"}}
[debug] [2026-09-30T15:35:05.018Z] Checked if tokens are valid: true, expires at: 1790785655648
[debug] [2026-09-30T15:35:05.019Z] Checked if tokens are valid: true, expires at: 1790785655648
[debug] [2026-09-30T15:35:05.019Z] >>> [apiv2][query] GET https://compute.googleapis.com/compute/v1/projects/707115539525 [none]
[debug] [2026-09-30T15:35:05.717Z] <<< [apiv2][status] GET https://compute.googleapis.com/compute/v1/projects/707115539525 403
[debug] [2026-09-30T15:35:05.717Z] <<< [apiv2][body] GET https://compute.googleapis.com/compute/v1/projects/707115539525 {"error":{"code":403,"message":"Compute Engine API has not been used in project 707115539525 before or it is disabled. Enable it by visiting https://console.developers.google.com/apis/api/compute.googleapis.com/overview?project=707115539525 then retry. If you enabled this API recently, wait a few minutes for the action to propagate to our systems and retry.","errors":[{"message":"Compute Engine API has not been used in project 707115539525 before or it is disabled. Enable it by visiting https://console.developers.google.com/apis/api/compute.googleapis.com/overview?project=707115539525 then retry. If you enabled this API recently, wait a few minutes for the action to propagate to our systems and retry.","domain":"usageLimits","reason":"accessNotConfigured","extendedHelp":"https://console.developers.google.com"}],"status":"PERMISSION_DENIED","details":[{"@type":"type.googleapis.com/google.rpc.ErrorInfo","reason":"SERVICE_DISABLED","domain":"googleapis.com","metadata":{"serviceTitle":"Compute Engine API","containerInfo":"707115539525","activationUrl":"https://console.developers.google.com/apis/api/compute.googleapis.com/overview?project=707115539525","consumer":"projects/707115539525","service":"compute.googleapis.com"}},{"@type":"type.googleapis.com/google.rpc.LocalizedMessage","locale":"en-US","message":"Compute Engine API has not been used in project 707115539525 before or it is disabled. Enable it by visiting https://console.developers.google.com/apis/api/compute.googleapis.com/overview?project=707115539525 then retry. If you enabled this API recently, wait a few minutes for the action to propagate to our systems and retry."},{"@type":"type.googleapis.com/google.rpc.Help","links":[{"description":"Google developers console API activation","url":"https://console.developers.google.com/apis/api/compute.googleapis.com/overview?project=707115539525"}]}]}}
[debug] [2026-09-30T15:35:05.717Z] unable to look up default compute service account. Falling back to 707115539525-compute@developer.gserviceaccount.com. Error: {"name":"FirebaseError","children":[],"context":{"body":{"error":{"code":403,"message":"Compute Engine API has not been used in project 707115539525 before or it is disabled. Enable it by visiting https://console.developers.google.com/apis/api/compute.googleapis.com/overview?project=707115539525 then retry. If you enabled this API recently, wait a few minutes for the action to propagate to our systems and retry.","errors":[{"message":"Compute Engine API has not been used in project 707115539525 before or it is disabled. Enable it by visiting https://console.developers.google.com/apis/api/compute.googleapis.com/overview?project=707115539525 then retry. If you enabled this API recently, wait a few minutes for the action to propagate to our systems and retry.","domain":"usageLimits","reason":"accessNotConfigured","extendedHelp":"https://console.developers.google.com"}],"status":"PERMISSION_DENIED","details":[{"@type":"type.googleapis.com/google.rpc.ErrorInfo","reason":"SERVICE_DISABLED","domain":"googleapis.com","metadata":{"serviceTitle":"Compute Engine API","containerInfo":"707115539525","activationUrl":"https://console.developers.google.com/apis/api/compute.googleapis.com/overview?project=707115539525","consumer":"projects/707115539525","service":"compute.googleapis.com"}},{"@type":"type.googleapis.com/google.rpc.LocalizedMessage","locale":"en-US","message":"Compute Engine API has not been used in project 707115539525 before or it is disabled. Enable it by visiting https://console.developers.google.com/apis/api/compute.googleapis.com/overview?project=707115539525 then retry. If you enabled this API recently, wait a few minutes for the action to propagate to our systems and retry."},{"@type":"type.googleapis.com/google.rpc.Help","links":[{"description":"Google developers console API activation","url":"https://console.developers.google.com/apis/api/compute.googleapis.com/overview?project=707115539525"}]}]}},"response":{"statusCode":403}},"exit":1,"message":"Request to https://compute.googleapis.com/compute/v1/projects/707115539525 had HTTP Error: 403, Compute Engine API has not been used in project 707115539525 before or it is disabled. Enable it by visiting https://console.developers.google.com/apis/api/compute.googleapis.com/overview?project=707115539525 then retry. If you enabled this API recently, wait a few minutes for the action to propagate to our systems and retry.","status":403}
[debug] [2026-09-30T15:35:05.718Z] Checked if tokens are valid: true, expires at: 1790785655648
[debug] [2026-09-30T15:35:05.719Z] Checked if tokens are valid: true, expires at: 1790785655648
[debug] [2026-09-30T15:35:05.719Z] >>> [apiv2][query] POST https://cloudresourcemanager.googleapis.com/v1/projects/707115539525:getIamPolicy [none]
[debug] [2026-09-30T15:35:06.563Z] <<< [apiv2][status] POST https://cloudresourcemanager.googleapis.com/v1/projects/707115539525:getIamPolicy 200
[debug] [2026-09-30T15:35:06.563Z] <<< [apiv2][body] POST https://cloudresourcemanager.googleapis.com/v1/projects/707115539525:getIamPolicy {"version":1,"etag":"BwZctQqVgUM=","bindings":[{"role":"roles/cloudbuild.builds.builder","members":["serviceAccount:707115539525@cloudbuild.gserviceaccount.com"]},{"role":"roles/cloudbuild.serviceAgent","members":["serviceAccount:service-707115539525@gcp-sa-cloudbuild.iam.gserviceaccount.com"]},{"role":"roles/cloudfunctions.standardServiceAgent","members":["serviceAccount:service-707115539525@gcf-admin-robot.iam.gserviceaccount.com"]},{"role":"roles/containerregistry.ServiceAgent","members":["serviceAccount:service-707115539525@containerregistry.iam.gserviceaccount.com"]},{"role":"roles/editor","members":["serviceAccount:707115539525@cloudservices.gserviceaccount.com","serviceAccount:pokemonsuite-didi-lu@appspot.gserviceaccount.com","serviceAccount:707115539525-compute@developer.gserviceaccount.com"]},{"role":"roles/firebase.managementServiceAgent","members":["serviceAccount:service-707115539525@gcp-sa-firebase.iam.gserviceaccount.com"]},{"role":"roles/firebase.sdkAdminServiceAgent","members":["serviceAccount:firebase-adminsdk-fbsvc@pokemonsuite-didi-lu.iam.gserviceaccount.com"]},{"role":"roles/firebaseauth.admin","members":["serviceAccount:firebase-adminsdk-fbsvc@pokemonsuite-didi-lu.iam.gserviceaccount.com"]},{"role":"roles/firebasedatabase.admin","members":["serviceAccount:firebase-adminsdk-fbsvc@pokemonsuite-didi-lu.iam.gserviceaccount.com"]},{"role":"roles/firebasemods.serviceAgent","members":["serviceAccount:service-707115539525@gcp-sa-firebasemods.iam.gserviceaccount.com"]},{"role":"roles/firebasestorage.serviceAgent","members":["serviceAccount:service-707115539525@gcp-sa-firebasestorage.iam.gserviceaccount.com"]},{"role":"roles/iam.serviceAccountTokenCreator","members":["serviceAccount:firebase-adminsdk-fbsvc@pokemonsuite-didi-lu.iam.gserviceaccount.com"]},{"role":"roles/owner","members":["user:tomio.davide@gmail.com"]},{"role":"roles/run.serviceAgent","members":["serviceAccount:service-707115539525@serverless-robot-prod.iam.gserviceaccount.com"]},{"role":"roles/storage.admin","members":["serviceAccount:firebase-adminsdk-fbsvc@pokemonsuite-didi-lu.iam.gserviceaccount.com"]}]}
[debug] [2026-09-30T15:35:06.563Z] Checked if tokens are valid: true, expires at: 1790785655648
[debug] [2026-09-30T15:35:06.563Z] Checked if tokens are valid: true, expires at: 1790785655648
[debug] [2026-09-30T15:35:06.563Z] >>> [apiv2][query] POST https://cloudresourcemanager.googleapis.com/v1/projects/707115539525:setIamPolicy [none]
[debug] [2026-09-30T15:35:06.564Z] >>> [apiv2][body] POST https://cloudresourcemanager.googleapis.com/v1/projects/707115539525:setIamPolicy {"policy":{"version":1,"etag":"BwZctQqVgUM=","bindings":[{"role":"roles/cloudbuild.builds.builder","members":["serviceAccount:707115539525@cloudbuild.gserviceaccount.com"]},{"role":"roles/cloudbuild.serviceAgent","members":["serviceAccount:service-707115539525@gcp-sa-cloudbuild.iam.gserviceaccount.com"]},{"role":"roles/cloudfunctions.standardServiceAgent","members":["serviceAccount:service-707115539525@gcf-admin-robot.iam.gserviceaccount.com"]},{"role":"roles/containerregistry.ServiceAgent","members":["serviceAccount:service-707115539525@containerregistry.iam.gserviceaccount.com"]},{"role":"roles/editor","members":["serviceAccount:707115539525@cloudservices.gserviceaccount.com","serviceAccount:pokemonsuite-didi-lu@appspot.gserviceaccount.com","serviceAccount:707115539525-compute@developer.gserviceaccount.com"]},{"role":"roles/firebase.managementServiceAgent","members":["serviceAccount:service-707115539525@gcp-sa-firebase.iam.gserviceaccount.com"]},{"role":"roles/firebase.sdkAdminServiceAgent","members":["serviceAccount:firebase-adminsdk-fbsvc@pokemonsuite-didi-lu.iam.gserviceaccount.com"]},{"role":"roles/firebaseauth.admin","members":["serviceAccount:firebase-adminsdk-fbsvc@pokemonsuite-didi-lu.iam.gserviceaccount.com"]},{"role":"roles/firebasedatabase.admin","members":["serviceAccount:firebase-adminsdk-fbsvc@pokemonsuite-didi-lu.iam.gserviceaccount.com"]},{"role":"roles/firebasemods.serviceAgent","members":["serviceAccount:service-707115539525@gcp-sa-firebasemods.iam.gserviceaccount.com"]},{"role":"roles/firebasestorage.serviceAgent","members":["serviceAccount:service-707115539525@gcp-sa-firebasestorage.iam.gserviceaccount.com"]},{"role":"roles/iam.serviceAccountTokenCreator","members":["serviceAccount:firebase-adminsdk-fbsvc@pokemonsuite-didi-lu.iam.gserviceaccount.com","serviceAccount:service-707115539525@gcp-sa-pubsub.iam.gserviceaccount.com"]},{"role":"roles/owner","members":["user:tomio.davide@gmail.com"]},{"role":"roles/run.serviceAgent","members":["serviceAccount:service-707115539525@serverless-robot-prod.iam.gserviceaccount.com"]},{"role":"roles/storage.admin","members":["serviceAccount:firebase-adminsdk-fbsvc@pokemonsuite-didi-lu.iam.gserviceaccount.com"]},{"role":"roles/run.invoker","members":["serviceAccount:707115539525-compute@developer.gserviceaccount.com"]},{"role":"roles/eventarc.eventReceiver","members":["serviceAccount:707115539525-compute@developer.gserviceaccount.com"]}]},"updateMask":"bindings"}
[debug] [2026-09-30T15:35:07.547Z] <<< [apiv2][status] POST https://cloudresourcemanager.googleapis.com/v1/projects/707115539525:setIamPolicy 200
[debug] [2026-09-30T15:35:07.547Z] <<< [apiv2][body] POST https://cloudresourcemanager.googleapis.com/v1/projects/707115539525:setIamPolicy {"version":1,"etag":"BwZctQs50xM=","bindings":[{"role":"roles/cloudbuild.builds.builder","members":["serviceAccount:707115539525@cloudbuild.gserviceaccount.com"]},{"role":"roles/cloudbuild.serviceAgent","members":["serviceAccount:service-707115539525@gcp-sa-cloudbuild.iam.gserviceaccount.com"]},{"role":"roles/cloudfunctions.standardServiceAgent","members":["serviceAccount:service-707115539525@gcf-admin-robot.iam.gserviceaccount.com"]},{"role":"roles/containerregistry.ServiceAgent","members":["serviceAccount:service-707115539525@containerregistry.iam.gserviceaccount.com"]},{"role":"roles/editor","members":["serviceAccount:707115539525-compute@developer.gserviceaccount.com","serviceAccount:707115539525@cloudservices.gserviceaccount.com","serviceAccount:pokemonsuite-didi-lu@appspot.gserviceaccount.com"]},{"role":"roles/eventarc.eventReceiver","members":["serviceAccount:707115539525-compute@developer.gserviceaccount.com"]},{"role":"roles/firebase.managementServiceAgent","members":["serviceAccount:service-707115539525@gcp-sa-firebase.iam.gserviceaccount.com"]},{"role":"roles/firebase.sdkAdminServiceAgent","members":["serviceAccount:firebase-adminsdk-fbsvc@pokemonsuite-didi-lu.iam.gserviceaccount.com"]},{"role":"roles/firebaseauth.admin","members":["serviceAccount:firebase-adminsdk-fbsvc@pokemonsuite-didi-lu.iam.gserviceaccount.com"]},{"role":"roles/firebasedatabase.admin","members":["serviceAccount:firebase-adminsdk-fbsvc@pokemonsuite-didi-lu.iam.gserviceaccount.com"]},{"role":"roles/firebasemods.serviceAgent","members":["serviceAccount:service-707115539525@gcp-sa-firebasemods.iam.gserviceaccount.com"]},{"role":"roles/firebasestorage.serviceAgent","members":["serviceAccount:service-707115539525@gcp-sa-firebasestorage.iam.gserviceaccount.com"]},{"role":"roles/iam.serviceAccountTokenCreator","members":["serviceAccount:firebase-adminsdk-fbsvc@pokemonsuite-didi-lu.iam.gserviceaccount.com","serviceAccount:service-707115539525@gcp-sa-pubsub.iam.gserviceaccount.com"]},{"role":"roles/owner","members":["user:tomio.davide@gmail.com"]},{"role":"roles/run.invoker","members":["serviceAccount:707115539525-compute@developer.gserviceaccount.com"]},{"role":"roles/run.serviceAgent","members":["serviceAccount:service-707115539525@serverless-robot-prod.iam.gserviceaccount.com"]},{"role":"roles/storage.admin","members":["serviceAccount:firebase-adminsdk-fbsvc@pokemonsuite-didi-lu.iam.gserviceaccount.com"]}]}
[debug] [2026-09-30T15:35:07.549Z] Checked if tokens are valid: true, expires at: 1790785655648
[debug] [2026-09-30T15:35:07.549Z] Checked if tokens are valid: true, expires at: 1790785655648
[debug] [2026-09-30T15:35:07.549Z] >>> [apiv2][query] GET https://serviceusage.googleapis.com/v1/projects/pokemonsuite-didi-lu/services/cloudbilling.googleapis.com [none]
[debug] [2026-09-30T15:35:07.549Z] >>> [apiv2][(partial)header] GET https://serviceusage.googleapis.com/v1/projects/pokemonsuite-didi-lu/services/cloudbilling.googleapis.com  x-goog-user-project=pokemonsuite-didi-lu
[debug] [2026-09-30T15:35:08.082Z] <<< [apiv2][status] GET https://serviceusage.googleapis.com/v1/projects/pokemonsuite-didi-lu/services/cloudbilling.googleapis.com 200
[debug] [2026-09-30T15:35:08.083Z] <<< [apiv2][body] GET https://serviceusage.googleapis.com/v1/projects/pokemonsuite-didi-lu/services/cloudbilling.googleapis.com [omitted]
[debug] [2026-09-30T15:35:08.083Z] Checked if tokens are valid: true, expires at: 1790785655648
[debug] [2026-09-30T15:35:08.083Z] Checked if tokens are valid: true, expires at: 1790785655648
[debug] [2026-09-30T15:35:08.083Z] >>> [apiv2][query] POST https://serviceusage.googleapis.com/v1/projects/pokemonsuite-didi-lu/services/cloudbilling.googleapis.com:enable [none]
[debug] [2026-09-30T15:35:08.083Z] >>> [apiv2][(partial)header] POST https://serviceusage.googleapis.com/v1/projects/pokemonsuite-didi-lu/services/cloudbilling.googleapis.com:enable  x-goog-user-project=pokemonsuite-didi-lu
[debug] [2026-09-30T15:35:08.891Z] <<< [apiv2][status] POST https://serviceusage.googleapis.com/v1/projects/pokemonsuite-didi-lu/services/cloudbilling.googleapis.com:enable 200
[debug] [2026-09-30T15:35:08.891Z] <<< [apiv2][body] POST https://serviceusage.googleapis.com/v1/projects/pokemonsuite-didi-lu/services/cloudbilling.googleapis.com:enable [omitted]
[debug] [2026-09-30T15:35:18.899Z] Checked if tokens are valid: true, expires at: 1790785655648
[debug] [2026-09-30T15:35:18.900Z] Checked if tokens are valid: true, expires at: 1790785655648
[debug] [2026-09-30T15:35:18.900Z] >>> [apiv2][query] GET https://cloudbilling.googleapis.com/v1/projects/pokemonsuite-didi-lu/billingInfo [none]
[debug] [2026-09-30T15:35:18.900Z] >>> [apiv2][(partial)header] GET https://cloudbilling.googleapis.com/v1/projects/pokemonsuite-didi-lu/billingInfo  x-goog-user-project=pokemonsuite-didi-lu
[debug] [2026-09-30T15:35:19.593Z] <<< [apiv2][status] GET https://cloudbilling.googleapis.com/v1/projects/pokemonsuite-didi-lu/billingInfo 200
[debug] [2026-09-30T15:35:19.594Z] <<< [apiv2][body] GET https://cloudbilling.googleapis.com/v1/projects/pokemonsuite-didi-lu/billingInfo {"name":"projects/pokemonsuite-didi-lu/billingInfo","projectId":"pokemonsuite-didi-lu","billingAccountName":"billingAccounts/0196E3-9AD66E-29A4A0","billingEnabled":true}
[debug] [2026-09-30T15:35:19.597Z] Checked if tokens are valid: true, expires at: 1790785655648
[debug] [2026-09-30T15:35:19.597Z] Checked if tokens are valid: true, expires at: 1790785655648
[debug] [2026-09-30T15:35:19.597Z] >>> [apiv2][query] POST https://cloudfunctions.googleapis.com/v2/projects/pokemonsuite-didi-lu/locations/europe-west1/functions:generateUploadUrl [none]
[debug] [2026-09-30T15:35:21.819Z] <<< [apiv2][status] POST https://cloudfunctions.googleapis.com/v2/projects/pokemonsuite-didi-lu/locations/europe-west1/functions:generateUploadUrl 200
[debug] [2026-09-30T15:35:21.819Z] <<< [apiv2][body] POST https://cloudfunctions.googleapis.com/v2/projects/pokemonsuite-didi-lu/locations/europe-west1/functions:generateUploadUrl {"uploadUrl":"https://storage.googleapis.com/gcf-v2-uploads-707115539525.europe-west1.cloudfunctions.appspot.com/65450ca9-86ed-48fb-a1d4-c4947651a942.zip?GoogleAccessId=service-707115539525@gcf-admin-robot.iam.gserviceaccount.com&Expires=1790784321&Signature=UcMU%2Fsj57IqtmfJ0OxwyOhL46%2FSy0LlvP9duPNaFjywvVoUveOvH3vdBXrqe4jOMEZgSG2ZnF1T%2BQbzmhEemhhXo5eOaOnkPOUrtIPB6o5%2FO%2BZLwVP8K7YgMC%2BK9d1T4ZvEPrGoD3gMbncpecBMYOg5x%2BYT9oOlTZbuvNz42Qx5k39KV7hkNa%2FIHa5wRAMUZ785k2fJJKXZ%2B4mmJ%2BrecmYmuTLaOKXSYUmp6qvQMHTv0hqjq5AhE0rKJntPHop5FvKWcHc3thdJjtKGC4tILW2ILGT3DziZxwcxlBs4Nb2eaQC9EUF%2Fap6aKahI2O0M%2F9tKeV6qVEdDy0F1rFbducg%3D%3D","storageSource":{"bucket":"gcf-v2-uploads-707115539525.europe-west1.cloudfunctions.appspot.com","object":"65450ca9-86ed-48fb-a1d4-c4947651a942.zip"}}
[debug] [2026-09-30T15:35:21.821Z] >>> [apiv2][query] PUT https://storage.googleapis.com/gcf-v2-uploads-707115539525.europe-west1.cloudfunctions.appspot.com/65450ca9-86ed-48fb-a1d4-c4947651a942.zip GoogleAccessId=service-707115539525%40gcf-admin-robot.iam.gserviceaccount.com&Expires=1790784321&Signature=UcMU%2Fsj57IqtmfJ0OxwyOhL46%2FSy0LlvP9duPNaFjywvVoUveOvH3vdBXrqe4jOMEZgSG2ZnF1T%2BQbzmhEemhhXo5eOaOnkPOUrtIPB6o5%2FO%2BZLwVP8K7YgMC%2BK9d1T4ZvEPrGoD3gMbncpecBMYOg5x%2BYT9oOlTZbuvNz42Qx5k39KV7hkNa%2FIHa5wRAMUZ785k2fJJKXZ%2B4mmJ%2BrecmYmuTLaOKXSYUmp6qvQMHTv0hqjq5AhE0rKJntPHop5FvKWcHc3thdJjtKGC4tILW2ILGT3DziZxwcxlBs4Nb2eaQC9EUF%2Fap6aKahI2O0M%2F9tKeV6qVEdDy0F1rFbducg%3D%3D
[debug] [2026-09-30T15:35:21.821Z] >>> [apiv2][body] PUT https://storage.googleapis.com/gcf-v2-uploads-707115539525.europe-west1.cloudfunctions.appspot.com/65450ca9-86ed-48fb-a1d4-c4947651a942.zip [stream]
[debug] [2026-09-30T15:35:22.398Z] <<< [apiv2][status] PUT https://storage.googleapis.com/gcf-v2-uploads-707115539525.europe-west1.cloudfunctions.appspot.com/65450ca9-86ed-48fb-a1d4-c4947651a942.zip 200
[debug] [2026-09-30T15:35:22.398Z] <<< [apiv2][body] PUT https://storage.googleapis.com/gcf-v2-uploads-707115539525.europe-west1.cloudfunctions.appspot.com/65450ca9-86ed-48fb-a1d4-c4947651a942.zip [omitted]
[info] ✔  functions: functions source uploaded successfully 
[info] i  functions: creating Node.js 24 (2nd Gen) function apriPartita(europe-west1)... 
[info] i  functions: creating Node.js 24 (2nd Gen) function prontoPartita(europe-west1)... 
[info] i  functions: creating Node.js 24 (2nd Gen) function inviaScelta(europe-west1)... 
[info] i  functions: creating Node.js 24 (2nd Gen) function salvaPartitaConclusa(europe-west1)... 
[debug] [2026-09-30T15:35:22.407Z] Checked if tokens are valid: true, expires at: 1790785655648
[debug] [2026-09-30T15:35:22.407Z] Checked if tokens are valid: true, expires at: 1790785655648
[debug] [2026-09-30T15:35:22.409Z] >>> [apiv2][query] POST https://cloudfunctions.googleapis.com/v2/projects/pokemonsuite-didi-lu/locations/europe-west1/functions functionId=apriPartita
[debug] [2026-09-30T15:35:22.409Z] >>> [apiv2][body] POST https://cloudfunctions.googleapis.com/v2/projects/pokemonsuite-didi-lu/locations/europe-west1/functions {"name":"projects/pokemonsuite-didi-lu/locations/europe-west1/functions/apriPartita","buildConfig":{"runtime":"nodejs24","entryPoint":"apriPartita","source":{"storageSource":{"bucket":"gcf-v2-uploads-707115539525.europe-west1.cloudfunctions.appspot.com","object":"65450ca9-86ed-48fb-a1d4-c4947651a942.zip"}},"environmentVariables":{"GOOGLE_NODE_RUN_SCRIPTS":""}},"serviceConfig":{"environmentVariables":{"CHIAVE_SCELTE":"asfiahirucjaskdjfnkjnkcvjenjkrn2i3443jn49unfejk23j498","FIREBASE_CONFIG":"{\"projectId\":\"pokemonsuite-didi-lu\",\"databaseURL\":\"https://pokemonsuite-didi-lu-default-rtdb.europe-west1.firebasedatabase.app\",\"storageBucket\":\"pokemonsuite-didi-lu.firebasestorage.app\"}","GCLOUD_PROJECT":"pokemonsuite-didi-lu","EVENTARC_CLOUD_EVENT_SOURCE":"projects/pokemonsuite-didi-lu/locations/europe-west1/services/apriPartita","FUNCTION_REGION":"europe-west1","FUNCTION_TARGET":"apriPartita","LOG_EXECUTION_ID":"true"},"ingressSettings":null,"timeoutSeconds":60,"serviceAccountEmail":null,"availableMemory":"512Mi","minInstanceCount":null,"maxInstanceCount":null,"maxInstanceRequestConcurrency":80,"availableCpu":"1","vpcConnector":null,"vpcConnectorEgressSettings":null,"directVpcNetworkInterface":null,"directVpcEgress":null},"labels":{"deployment-tool":"cli-firebase","deployment-callable":"true","firebase-functions-hash":"96186d4b819aef55c80b001ff2eab1a538b01adc"}}
[debug] [2026-09-30T15:35:24.788Z] <<< [apiv2][status] POST https://cloudfunctions.googleapis.com/v2/projects/pokemonsuite-didi-lu/locations/europe-west1/functions 200
[debug] [2026-09-30T15:35:24.788Z] <<< [apiv2][body] POST https://cloudfunctions.googleapis.com/v2/projects/pokemonsuite-didi-lu/locations/europe-west1/functions {"name":"projects/pokemonsuite-didi-lu/locations/europe-west1/operations/operation-1790782522486-65cb50c1f6fe7-1056d1fc-fa8ae720","metadata":{"@type":"type.googleapis.com/google.cloud.functions.v2.OperationMetadata","createTime":"2026-09-30T15:35:24.737814965Z","target":"projects/pokemonsuite-didi-lu/locations/europe-west1/functions/apriPartita","verb":"create","cancelRequested":false,"apiVersion":"v2"},"done":false}
[debug] [2026-09-30T15:35:24.789Z] Checked if tokens are valid: true, expires at: 1790785655648
[debug] [2026-09-30T15:35:24.789Z] Checked if tokens are valid: true, expires at: 1790785655648
[debug] [2026-09-30T15:35:24.789Z] >>> [apiv2][query] GET https://cloudfunctions.googleapis.com/v2/projects/pokemonsuite-didi-lu/locations/europe-west1/operations/operation-1790782522486-65cb50c1f6fe7-1056d1fc-fa8ae720 [none]
[debug] [2026-09-30T15:35:24.901Z] <<< [apiv2][status] GET https://cloudfunctions.googleapis.com/v2/projects/pokemonsuite-didi-lu/locations/europe-west1/operations/operation-1790782522486-65cb50c1f6fe7-1056d1fc-fa8ae720 200
[debug] [2026-09-30T15:35:24.901Z] <<< [apiv2][body] GET https://cloudfunctions.googleapis.com/v2/projects/pokemonsuite-didi-lu/locations/europe-west1/operations/operation-1790782522486-65cb50c1f6fe7-1056d1fc-fa8ae720 {"name":"projects/pokemonsuite-didi-lu/locations/europe-west1/operations/operation-1790782522486-65cb50c1f6fe7-1056d1fc-fa8ae720","metadata":{"@type":"type.googleapis.com/google.cloud.functions.v2.OperationMetadata","createTime":"2026-09-30T15:35:24.737814965Z","target":"projects/pokemonsuite-didi-lu/locations/europe-west1/functions/apriPartita","verb":"create","cancelRequested":false,"apiVersion":"v2"},"done":false}
[debug] [2026-09-30T15:35:25.402Z] [create-default-europe-west1-apriPartita] Retrying task index 0
[debug] [2026-09-30T15:35:25.402Z] Checked if tokens are valid: true, expires at: 1790785655648
[debug] [2026-09-30T15:35:25.402Z] Checked if tokens are valid: true, expires at: 1790785655648
[debug] [2026-09-30T15:35:25.402Z] >>> [apiv2][query] GET https://cloudfunctions.googleapis.com/v2/projects/pokemonsuite-didi-lu/locations/europe-west1/operations/operation-1790782522486-65cb50c1f6fe7-1056d1fc-fa8ae720 [none]
[debug] [2026-09-30T15:35:25.529Z] <<< [apiv2][status] GET https://cloudfunctions.googleapis.com/v2/projects/pokemonsuite-didi-lu/locations/europe-west1/operations/operation-1790782522486-65cb50c1f6fe7-1056d1fc-fa8ae720 200
[debug] [2026-09-30T15:35:25.530Z] <<< [apiv2][body] GET https://cloudfunctions.googleapis.com/v2/projects/pokemonsuite-didi-lu/locations/europe-west1/operations/operation-1790782522486-65cb50c1f6fe7-1056d1fc-fa8ae720 {"name":"projects/pokemonsuite-didi-lu/locations/europe-west1/operations/operation-1790782522486-65cb50c1f6fe7-1056d1fc-fa8ae720","metadata":{"@type":"type.googleapis.com/google.cloud.functions.v2.OperationMetadata","createTime":"2026-09-30T15:35:24.737814965Z","target":"projects/pokemonsuite-didi-lu/locations/europe-west1/functions/apriPartita","verb":"create","cancelRequested":false,"apiVersion":"v2","requestResource":{"@type":"type.googleapis.com/google.cloud.functions.v2.Function","name":"projects/pokemonsuite-didi-lu/locations/europe-west1/functions/apriPartita","buildConfig":{"runtime":"nodejs24","entryPoint":"apriPartita","source":{"storageSource":{"bucket":"gcf-v2-sources-707115539525-europe-west1","object":"apriPartita/function-source.zip","generation":"1790782524081974"}},"environmentVariables":{"GOOGLE_NODE_RUN_SCRIPTS":""},"serviceAccount":"projects/pokemonsuite-didi-lu/serviceAccounts/707115539525-compute@developer.gserviceaccount.com","automaticUpdatePolicy":{}},"serviceConfig":{"service":"projects/pokemonsuite-didi-lu/locations/europe-west1/services/apripartita","timeoutSeconds":60,"environmentVariables":{"CHIAVE_SCELTE":"asfiahirucjaskdjfnkjnkcvjenjkrn2i3443jn49unfejk23j498","FIREBASE_CONFIG":"{\"projectId\":\"pokemonsuite-didi-lu\",\"databaseURL\":\"https://pokemonsuite-didi-lu-default-rtdb.europe-west1.firebasedatabase.app\",\"storageBucket\":\"pokemonsuite-didi-lu.firebasestorage.app\"}","GCLOUD_PROJECT":"pokemonsuite-didi-lu","EVENTARC_CLOUD_EVENT_SOURCE":"projects/pokemonsuite-didi-lu/locations/europe-west1/services/apriPartita","FUNCTION_REGION":"europe-west1","FUNCTION_TARGET":"apriPartita","LOG_EXECUTION_ID":"true"},"ingressSettings":"ALLOW_ALL","serviceAccountEmail":"707115539525-compute@developer.gserviceaccount.com","availableMemory":"512Mi","maxInstanceRequestConcurrency":80,"availableCpu":"1"},"labels":{"deployment-tool":"cli-firebase","deployment-callable":"true","firebase-functions-hash":"96186d4b819aef55c80b001ff2eab1a538b01adc"},"environment":"GEN_2"},"stages":[{"name":"BUILD","state":"NOT_STARTED"},{"name":"SERVICE","state":"NOT_STARTED"}],"operationType":"CREATE_FUNCTION"},"done":false}
[debug] [2026-09-30T15:35:26.530Z] [create-default-europe-west1-apriPartita] Retrying task index 0
[debug] [2026-09-30T15:35:26.530Z] Checked if tokens are valid: true, expires at: 1790785655648
[debug] [2026-09-30T15:35:26.530Z] Checked if tokens are valid: true, expires at: 1790785655648
[debug] [2026-09-30T15:35:26.530Z] >>> [apiv2][query] GET https://cloudfunctions.googleapis.com/v2/projects/pokemonsuite-didi-lu/locations/europe-west1/operations/operation-1790782522486-65cb50c1f6fe7-1056d1fc-fa8ae720 [none]
[debug] [2026-09-30T15:35:26.638Z] <<< [apiv2][status] GET https://cloudfunctions.googleapis.com/v2/projects/pokemonsuite-didi-lu/locations/europe-west1/operations/operation-1790782522486-65cb50c1f6fe7-1056d1fc-fa8ae720 200
[debug] [2026-09-30T15:35:26.638Z] <<< [apiv2][body] GET https://cloudfunctions.googleapis.com/v2/projects/pokemonsuite-didi-lu/locations/europe-west1/operations/operation-1790782522486-65cb50c1f6fe7-1056d1fc-fa8ae720 {"name":"projects/pokemonsuite-didi-lu/locations/europe-west1/operations/operation-1790782522486-65cb50c1f6fe7-1056d1fc-fa8ae720","metadata":{"@type":"type.googleapis.com/google.cloud.functions.v2.OperationMetadata","createTime":"2026-09-30T15:35:24.737814965Z","target":"projects/pokemonsuite-didi-lu/locations/europe-west1/functions/apriPartita","verb":"create","cancelRequested":false,"apiVersion":"v2","requestResource":{"@type":"type.googleapis.com/google.cloud.functions.v2.Function","name":"projects/pokemonsuite-didi-lu/locations/europe-west1/functions/apriPartita","buildConfig":{"runtime":"nodejs24","entryPoint":"apriPartita","source":{"storageSource":{"bucket":"gcf-v2-sources-707115539525-europe-west1","object":"apriPartita/function-source.zip","generation":"1790782524081974"}},"environmentVariables":{"GOOGLE_NODE_RUN_SCRIPTS":""},"serviceAccount":"projects/pokemonsuite-didi-lu/serviceAccounts/707115539525-compute@developer.gserviceaccount.com","automaticUpdatePolicy":{}},"serviceConfig":{"service":"projects/pokemonsuite-didi-lu/locations/europe-west1/services/apripartita","timeoutSeconds":60,"environmentVariables":{"CHIAVE_SCELTE":"asfiahirucjaskdjfnkjnkcvjenjkrn2i3443jn49unfejk23j498","FIREBASE_CONFIG":"{\"projectId\":\"pokemonsuite-didi-lu\",\"databaseURL\":\"https://pokemonsuite-didi-lu-default-rtdb.europe-west1.firebasedatabase.app\",\"storageBucket\":\"pokemonsuite-didi-lu.firebasestorage.app\"}","GCLOUD_PROJECT":"pokemonsuite-didi-lu","EVENTARC_CLOUD_EVENT_SOURCE":"projects/pokemonsuite-didi-lu/locations/europe-west1/services/apriPartita","FUNCTION_REGION":"europe-west1","FUNCTION_TARGET":"apriPartita","LOG_EXECUTION_ID":"true"},"ingressSettings":"ALLOW_ALL","serviceAccountEmail":"707115539525-compute@developer.gserviceaccount.com","availableMemory":"512Mi","maxInstanceRequestConcurrency":80,"availableCpu":"1"},"labels":{"deployment-tool":"cli-firebase","deployment-callable":"true","firebase-functions-hash":"96186d4b819aef55c80b001ff2eab1a538b01adc"},"environment":"GEN_2"},"stages":[{"name":"BUILD","state":"NOT_STARTED"},{"name":"SERVICE","state":"NOT_STARTED"}],"operationType":"CREATE_FUNCTION"},"done":false}
[debug] [2026-09-30T15:35:28.640Z] [create-default-europe-west1-apriPartita] Retrying task index 0
[debug] [2026-09-30T15:35:28.641Z] Checked if tokens are valid: true, expires at: 1790785655648
[debug] [2026-09-30T15:35:28.641Z] Checked if tokens are valid: true, expires at: 1790785655648
[debug] [2026-09-30T15:35:28.641Z] >>> [apiv2][query] GET https://cloudfunctions.googleapis.com/v2/projects/pokemonsuite-didi-lu/locations/europe-west1/operations/operation-1790782522486-65cb50c1f6fe7-1056d1fc-fa8ae720 [none]
[debug] [2026-09-30T15:35:28.708Z] <<< [apiv2][status] GET https://cloudfunctions.googleapis.com/v2/projects/pokemonsuite-didi-lu/locations/europe-west1/operations/operation-1790782522486-65cb50c1f6fe7-1056d1fc-fa8ae720 200
[debug] [2026-09-30T15:35:28.708Z] <<< [apiv2][body] GET https://cloudfunctions.googleapis.com/v2/projects/pokemonsuite-didi-lu/locations/europe-west1/operations/operation-1790782522486-65cb50c1f6fe7-1056d1fc-fa8ae720 {"name":"projects/pokemonsuite-didi-lu/locations/europe-west1/operations/operation-1790782522486-65cb50c1f6fe7-1056d1fc-fa8ae720","metadata":{"@type":"type.googleapis.com/google.cloud.functions.v2.OperationMetadata","createTime":"2026-09-30T15:35:24.737814965Z","target":"projects/pokemonsuite-didi-lu/locations/europe-west1/functions/apriPartita","verb":"create","cancelRequested":false,"apiVersion":"v2","requestResource":{"@type":"type.googleapis.com/google.cloud.functions.v2.Function","name":"projects/pokemonsuite-didi-lu/locations/europe-west1/functions/apriPartita","buildConfig":{"runtime":"nodejs24","entryPoint":"apriPartita","source":{"storageSource":{"bucket":"gcf-v2-sources-707115539525-europe-west1","object":"apriPartita/function-source.zip","generation":"1790782524081974"}},"environmentVariables":{"GOOGLE_NODE_RUN_SCRIPTS":""},"serviceAccount":"projects/pokemonsuite-didi-lu/serviceAccounts/707115539525-compute@developer.gserviceaccount.com","automaticUpdatePolicy":{}},"serviceConfig":{"service":"projects/pokemonsuite-didi-lu/locations/europe-west1/services/apripartita","timeoutSeconds":60,"environmentVariables":{"CHIAVE_SCELTE":"asfiahirucjaskdjfnkjnkcvjenjkrn2i3443jn49unfejk23j498","FIREBASE_CONFIG":"{\"projectId\":\"pokemonsuite-didi-lu\",\"databaseURL\":\"https://pokemonsuite-didi-lu-default-rtdb.europe-west1.firebasedatabase.app\",\"storageBucket\":\"pokemonsuite-didi-lu.firebasestorage.app\"}","GCLOUD_PROJECT":"pokemonsuite-didi-lu","EVENTARC_CLOUD_EVENT_SOURCE":"projects/pokemonsuite-didi-lu/locations/europe-west1/services/apriPartita","FUNCTION_REGION":"europe-west1","FUNCTION_TARGET":"apriPartita","LOG_EXECUTION_ID":"true"},"ingressSettings":"ALLOW_ALL","serviceAccountEmail":"707115539525-compute@developer.gserviceaccount.com","availableMemory":"512Mi","maxInstanceRequestConcurrency":80,"availableCpu":"1"},"labels":{"deployment-tool":"cli-firebase","deployment-callable":"true","firebase-functions-hash":"96186d4b819aef55c80b001ff2eab1a538b01adc"},"environment":"GEN_2"},"stages":[{"name":"BUILD","state":"NOT_STARTED"},{"name":"SERVICE","state":"NOT_STARTED"}],"operationType":"CREATE_FUNCTION"},"done":false}
[debug] [2026-09-30T15:35:32.708Z] [create-default-europe-west1-apriPartita] Retrying task index 0
[debug] [2026-09-30T15:35:32.708Z] Checked if tokens are valid: true, expires at: 1790785655648
[debug] [2026-09-30T15:35:32.708Z] Checked if tokens are valid: true, expires at: 1790785655648
[debug] [2026-09-30T15:35:32.708Z] >>> [apiv2][query] GET https://cloudfunctions.googleapis.com/v2/projects/pokemonsuite-didi-lu/locations/europe-west1/operations/operation-1790782522486-65cb50c1f6fe7-1056d1fc-fa8ae720 [none]
[debug] [2026-09-30T15:35:32.823Z] <<< [apiv2][status] GET https://cloudfunctions.googleapis.com/v2/projects/pokemonsuite-didi-lu/locations/europe-west1/operations/operation-1790782522486-65cb50c1f6fe7-1056d1fc-fa8ae720 200
[debug] [2026-09-30T15:35:32.824Z] <<< [apiv2][body] GET https://cloudfunctions.googleapis.com/v2/projects/pokemonsuite-didi-lu/locations/europe-west1/operations/operation-1790782522486-65cb50c1f6fe7-1056d1fc-fa8ae720 {"name":"projects/pokemonsuite-didi-lu/locations/europe-west1/operations/operation-1790782522486-65cb50c1f6fe7-1056d1fc-fa8ae720","metadata":{"@type":"type.googleapis.com/google.cloud.functions.v2.OperationMetadata","createTime":"2026-09-30T15:35:24.737814965Z","target":"projects/pokemonsuite-didi-lu/locations/europe-west1/functions/apriPartita","verb":"create","cancelRequested":false,"apiVersion":"v2","requestResource":{"@type":"type.googleapis.com/google.cloud.functions.v2.Function","name":"projects/pokemonsuite-didi-lu/locations/europe-west1/functions/apriPartita","buildConfig":{"runtime":"nodejs24","entryPoint":"apriPartita","source":{"storageSource":{"bucket":"gcf-v2-sources-707115539525-europe-west1","object":"apriPartita/function-source.zip","generation":"1790782524081974"}},"environmentVariables":{"GOOGLE_NODE_RUN_SCRIPTS":""},"serviceAccount":"projects/pokemonsuite-didi-lu/serviceAccounts/707115539525-compute@developer.gserviceaccount.com","automaticUpdatePolicy":{}},"serviceConfig":{"service":"projects/pokemonsuite-didi-lu/locations/europe-west1/services/apripartita","timeoutSeconds":60,"environmentVariables":{"CHIAVE_SCELTE":"asfiahirucjaskdjfnkjnkcvjenjkrn2i3443jn49unfejk23j498","FIREBASE_CONFIG":"{\"projectId\":\"pokemonsuite-didi-lu\",\"databaseURL\":\"https://pokemonsuite-didi-lu-default-rtdb.europe-west1.firebasedatabase.app\",\"storageBucket\":\"pokemonsuite-didi-lu.firebasestorage.app\"}","GCLOUD_PROJECT":"pokemonsuite-didi-lu","EVENTARC_CLOUD_EVENT_SOURCE":"projects/pokemonsuite-didi-lu/locations/europe-west1/services/apriPartita","FUNCTION_REGION":"europe-west1","FUNCTION_TARGET":"apriPartita","LOG_EXECUTION_ID":"true"},"ingressSettings":"ALLOW_ALL","serviceAccountEmail":"707115539525-compute@developer.gserviceaccount.com","availableMemory":"512Mi","maxInstanceRequestConcurrency":80,"availableCpu":"1"},"labels":{"deployment-tool":"cli-firebase","deployment-callable":"true","firebase-functions-hash":"96186d4b819aef55c80b001ff2eab1a538b01adc"},"environment":"GEN_2"},"stages":[{"name":"BUILD","state":"NOT_STARTED"},{"name":"SERVICE","state":"NOT_STARTED"}],"operationType":"CREATE_FUNCTION"},"done":false}
[debug] [2026-09-30T15:35:40.828Z] [create-default-europe-west1-apriPartita] Retrying task index 0
[debug] [2026-09-30T15:35:40.828Z] Checked if tokens are valid: true, expires at: 1790785655648
[debug] [2026-09-30T15:35:40.828Z] Checked if tokens are valid: true, expires at: 1790785655648
[debug] [2026-09-30T15:35:40.828Z] >>> [apiv2][query] GET https://cloudfunctions.googleapis.com/v2/projects/pokemonsuite-didi-lu/locations/europe-west1/operations/operation-1790782522486-65cb50c1f6fe7-1056d1fc-fa8ae720 [none]
[debug] [2026-09-30T15:35:40.919Z] <<< [apiv2][status] GET https://cloudfunctions.googleapis.com/v2/projects/pokemonsuite-didi-lu/locations/europe-west1/operations/operation-1790782522486-65cb50c1f6fe7-1056d1fc-fa8ae720 200
[debug] [2026-09-30T15:35:40.919Z] <<< [apiv2][body] GET https://cloudfunctions.googleapis.com/v2/projects/pokemonsuite-didi-lu/locations/europe-west1/operations/operation-1790782522486-65cb50c1f6fe7-1056d1fc-fa8ae720 {"name":"projects/pokemonsuite-didi-lu/locations/europe-west1/operations/operation-1790782522486-65cb50c1f6fe7-1056d1fc-fa8ae720","metadata":{"@type":"type.googleapis.com/google.cloud.functions.v2.OperationMetadata","createTime":"2026-09-30T15:35:24.737814965Z","target":"projects/pokemonsuite-didi-lu/locations/europe-west1/functions/apriPartita","verb":"create","cancelRequested":false,"apiVersion":"v2","requestResource":{"@type":"type.googleapis.com/google.cloud.functions.v2.Function","name":"projects/pokemonsuite-didi-lu/locations/europe-west1/functions/apriPartita","buildConfig":{"runtime":"nodejs24","entryPoint":"apriPartita","source":{"storageSource":{"bucket":"gcf-v2-sources-707115539525-europe-west1","object":"apriPartita/function-source.zip","generation":"1790782524081974"}},"environmentVariables":{"GOOGLE_NODE_RUN_SCRIPTS":""},"serviceAccount":"projects/pokemonsuite-didi-lu/serviceAccounts/707115539525-compute@developer.gserviceaccount.com","automaticUpdatePolicy":{}},"serviceConfig":{"service":"projects/pokemonsuite-didi-lu/locations/europe-west1/services/apripartita","timeoutSeconds":60,"environmentVariables":{"CHIAVE_SCELTE":"asfiahirucjaskdjfnkjnkcvjenjkrn2i3443jn49unfejk23j498","FIREBASE_CONFIG":"{\"projectId\":\"pokemonsuite-didi-lu\",\"databaseURL\":\"https://pokemonsuite-didi-lu-default-rtdb.europe-west1.firebasedatabase.app\",\"storageBucket\":\"pokemonsuite-didi-lu.firebasestorage.app\"}","GCLOUD_PROJECT":"pokemonsuite-didi-lu","EVENTARC_CLOUD_EVENT_SOURCE":"projects/pokemonsuite-didi-lu/locations/europe-west1/services/apriPartita","FUNCTION_REGION":"europe-west1","FUNCTION_TARGET":"apriPartita","LOG_EXECUTION_ID":"true"},"ingressSettings":"ALLOW_ALL","serviceAccountEmail":"707115539525-compute@developer.gserviceaccount.com","availableMemory":"512Mi","maxInstanceRequestConcurrency":80,"availableCpu":"1"},"labels":{"deployment-tool":"cli-firebase","deployment-callable":"true","firebase-functions-hash":"96186d4b819aef55c80b001ff2eab1a538b01adc"},"environment":"GEN_2"},"stages":[{"name":"BUILD","state":"NOT_STARTED"},{"name":"SERVICE","state":"NOT_STARTED"}],"operationType":"CREATE_FUNCTION"},"done":false}
[debug] [2026-09-30T15:35:50.926Z] [create-default-europe-west1-apriPartita] Retrying task index 0
[debug] [2026-09-30T15:35:50.926Z] Checked if tokens are valid: true, expires at: 1790785655648
[debug] [2026-09-30T15:35:50.926Z] Checked if tokens are valid: true, expires at: 1790785655648
[debug] [2026-09-30T15:35:50.926Z] >>> [apiv2][query] GET https://cloudfunctions.googleapis.com/v2/projects/pokemonsuite-didi-lu/locations/europe-west1/operations/operation-1790782522486-65cb50c1f6fe7-1056d1fc-fa8ae720 [none]
[debug] [2026-09-30T15:35:51.039Z] <<< [apiv2][status] GET https://cloudfunctions.googleapis.com/v2/projects/pokemonsuite-didi-lu/locations/europe-west1/operations/operation-1790782522486-65cb50c1f6fe7-1056d1fc-fa8ae720 200
[debug] [2026-09-30T15:35:51.039Z] <<< [apiv2][body] GET https://cloudfunctions.googleapis.com/v2/projects/pokemonsuite-didi-lu/locations/europe-west1/operations/operation-1790782522486-65cb50c1f6fe7-1056d1fc-fa8ae720 {"name":"projects/pokemonsuite-didi-lu/locations/europe-west1/operations/operation-1790782522486-65cb50c1f6fe7-1056d1fc-fa8ae720","metadata":{"@type":"type.googleapis.com/google.cloud.functions.v2.OperationMetadata","createTime":"2026-09-30T15:35:24.737814965Z","target":"projects/pokemonsuite-didi-lu/locations/europe-west1/functions/apriPartita","verb":"create","cancelRequested":false,"apiVersion":"v2","requestResource":{"@type":"type.googleapis.com/google.cloud.functions.v2.Function","name":"projects/pokemonsuite-didi-lu/locations/europe-west1/functions/apriPartita","buildConfig":{"runtime":"nodejs24","entryPoint":"apriPartita","source":{"storageSource":{"bucket":"gcf-v2-sources-707115539525-europe-west1","object":"apriPartita/function-source.zip","generation":"1790782524081974"}},"environmentVariables":{"GOOGLE_NODE_RUN_SCRIPTS":""},"serviceAccount":"projects/pokemonsuite-didi-lu/serviceAccounts/707115539525-compute@developer.gserviceaccount.com","automaticUpdatePolicy":{}},"serviceConfig":{"service":"projects/pokemonsuite-didi-lu/locations/europe-west1/services/apripartita","timeoutSeconds":60,"environmentVariables":{"CHIAVE_SCELTE":"asfiahirucjaskdjfnkjnkcvjenjkrn2i3443jn49unfejk23j498","FIREBASE_CONFIG":"{\"projectId\":\"pokemonsuite-didi-lu\",\"databaseURL\":\"https://pokemonsuite-didi-lu-default-rtdb.europe-west1.firebasedatabase.app\",\"storageBucket\":\"pokemonsuite-didi-lu.firebasestorage.app\"}","GCLOUD_PROJECT":"pokemonsuite-didi-lu","EVENTARC_CLOUD_EVENT_SOURCE":"projects/pokemonsuite-didi-lu/locations/europe-west1/services/apriPartita","FUNCTION_REGION":"europe-west1","FUNCTION_TARGET":"apriPartita","LOG_EXECUTION_ID":"true"},"ingressSettings":"ALLOW_ALL","serviceAccountEmail":"707115539525-compute@developer.gserviceaccount.com","availableMemory":"512Mi","maxInstanceRequestConcurrency":80,"availableCpu":"1"},"labels":{"deployment-tool":"cli-firebase","deployment-callable":"true","firebase-functions-hash":"96186d4b819aef55c80b001ff2eab1a538b01adc"},"environment":"GEN_2"},"stages":[{"name":"BUILD","state":"NOT_STARTED"},{"name":"SERVICE","state":"NOT_STARTED"}],"operationType":"CREATE_FUNCTION"},"done":false}
[debug] [2026-09-30T15:36:01.041Z] [create-default-europe-west1-apriPartita] Retrying task index 0
[debug] [2026-09-30T15:36:01.041Z] Checked if tokens are valid: true, expires at: 1790785655648
[debug] [2026-09-30T15:36:01.041Z] Checked if tokens are valid: true, expires at: 1790785655648
[debug] [2026-09-30T15:36:01.042Z] >>> [apiv2][query] GET https://cloudfunctions.googleapis.com/v2/projects/pokemonsuite-didi-lu/locations/europe-west1/operations/operation-1790782522486-65cb50c1f6fe7-1056d1fc-fa8ae720 [none]
[debug] [2026-09-30T15:36:01.163Z] <<< [apiv2][status] GET https://cloudfunctions.googleapis.com/v2/projects/pokemonsuite-didi-lu/locations/europe-west1/operations/operation-1790782522486-65cb50c1f6fe7-1056d1fc-fa8ae720 200
[debug] [2026-09-30T15:36:01.163Z] <<< [apiv2][body] GET https://cloudfunctions.googleapis.com/v2/projects/pokemonsuite-didi-lu/locations/europe-west1/operations/operation-1790782522486-65cb50c1f6fe7-1056d1fc-fa8ae720 {"name":"projects/pokemonsuite-didi-lu/locations/europe-west1/operations/operation-1790782522486-65cb50c1f6fe7-1056d1fc-fa8ae720","metadata":{"@type":"type.googleapis.com/google.cloud.functions.v2.OperationMetadata","createTime":"2026-09-30T15:35:24.737814965Z","target":"projects/pokemonsuite-didi-lu/locations/europe-west1/functions/apriPartita","verb":"create","cancelRequested":false,"apiVersion":"v2","requestResource":{"@type":"type.googleapis.com/google.cloud.functions.v2.Function","name":"projects/pokemonsuite-didi-lu/locations/europe-west1/functions/apriPartita","buildConfig":{"runtime":"nodejs24","entryPoint":"apriPartita","source":{"storageSource":{"bucket":"gcf-v2-sources-707115539525-europe-west1","object":"apriPartita/function-source.zip","generation":"1790782524081974"}},"environmentVariables":{"GOOGLE_NODE_RUN_SCRIPTS":""},"serviceAccount":"projects/pokemonsuite-didi-lu/serviceAccounts/707115539525-compute@developer.gserviceaccount.com","automaticUpdatePolicy":{}},"serviceConfig":{"service":"projects/pokemonsuite-didi-lu/locations/europe-west1/services/apripartita","timeoutSeconds":60,"environmentVariables":{"CHIAVE_SCELTE":"asfiahirucjaskdjfnkjnkcvjenjkrn2i3443jn49unfejk23j498","FIREBASE_CONFIG":"{\"projectId\":\"pokemonsuite-didi-lu\",\"databaseURL\":\"https://pokemonsuite-didi-lu-default-rtdb.europe-west1.firebasedatabase.app\",\"storageBucket\":\"pokemonsuite-didi-lu.firebasestorage.app\"}","GCLOUD_PROJECT":"pokemonsuite-didi-lu","EVENTARC_CLOUD_EVENT_SOURCE":"projects/pokemonsuite-didi-lu/locations/europe-west1/services/apriPartita","FUNCTION_REGION":"europe-west1","FUNCTION_TARGET":"apriPartita","LOG_EXECUTION_ID":"true"},"ingressSettings":"ALLOW_ALL","serviceAccountEmail":"707115539525-compute@developer.gserviceaccount.com","availableMemory":"512Mi","maxInstanceRequestConcurrency":80,"availableCpu":"1"},"labels":{"deployment-tool":"cli-firebase","deployment-callable":"true","firebase-functions-hash":"96186d4b819aef55c80b001ff2eab1a538b01adc"},"environment":"GEN_2"},"stages":[{"name":"BUILD","state":"NOT_STARTED"},{"name":"SERVICE","state":"NOT_STARTED"}],"operationType":"CREATE_FUNCTION"},"done":false}
[debug] [2026-09-30T15:36:11.170Z] [create-default-europe-west1-apriPartita] Retrying task index 0
[debug] [2026-09-30T15:36:11.170Z] Checked if tokens are valid: true, expires at: 1790785655648
[debug] [2026-09-30T15:36:11.170Z] Checked if tokens are valid: true, expires at: 1790785655648
[debug] [2026-09-30T15:36:11.170Z] >>> [apiv2][query] GET https://cloudfunctions.googleapis.com/v2/projects/pokemonsuite-didi-lu/locations/europe-west1/operations/operation-1790782522486-65cb50c1f6fe7-1056d1fc-fa8ae720 [none]
[debug] [2026-09-30T15:36:11.288Z] <<< [apiv2][status] GET https://cloudfunctions.googleapis.com/v2/projects/pokemonsuite-didi-lu/locations/europe-west1/operations/operation-1790782522486-65cb50c1f6fe7-1056d1fc-fa8ae720 200
[debug] [2026-09-30T15:36:11.288Z] <<< [apiv2][body] GET https://cloudfunctions.googleapis.com/v2/projects/pokemonsuite-didi-lu/locations/europe-west1/operations/operation-1790782522486-65cb50c1f6fe7-1056d1fc-fa8ae720 {"name":"projects/pokemonsuite-didi-lu/locations/europe-west1/operations/operation-1790782522486-65cb50c1f6fe7-1056d1fc-fa8ae720","metadata":{"@type":"type.googleapis.com/google.cloud.functions.v2.OperationMetadata","createTime":"2026-09-30T15:35:24.737814965Z","target":"projects/pokemonsuite-didi-lu/locations/europe-west1/functions/apriPartita","verb":"create","cancelRequested":false,"apiVersion":"v2","requestResource":{"@type":"type.googleapis.com/google.cloud.functions.v2.Function","name":"projects/pokemonsuite-didi-lu/locations/europe-west1/functions/apriPartita","buildConfig":{"runtime":"nodejs24","entryPoint":"apriPartita","source":{"storageSource":{"bucket":"gcf-v2-sources-707115539525-europe-west1","object":"apriPartita/function-source.zip","generation":"1790782524081974"}},"environmentVariables":{"GOOGLE_NODE_RUN_SCRIPTS":""},"serviceAccount":"projects/pokemonsuite-didi-lu/serviceAccounts/707115539525-compute@developer.gserviceaccount.com","automaticUpdatePolicy":{}},"serviceConfig":{"service":"projects/pokemonsuite-didi-lu/locations/europe-west1/services/apripartita","timeoutSeconds":60,"environmentVariables":{"CHIAVE_SCELTE":"asfiahirucjaskdjfnkjnkcvjenjkrn2i3443jn49unfejk23j498","FIREBASE_CONFIG":"{\"projectId\":\"pokemonsuite-didi-lu\",\"databaseURL\":\"https://pokemonsuite-didi-lu-default-rtdb.europe-west1.firebasedatabase.app\",\"storageBucket\":\"pokemonsuite-didi-lu.firebasestorage.app\"}","GCLOUD_PROJECT":"pokemonsuite-didi-lu","EVENTARC_CLOUD_EVENT_SOURCE":"projects/pokemonsuite-didi-lu/locations/europe-west1/services/apriPartita","FUNCTION_REGION":"europe-west1","FUNCTION_TARGET":"apriPartita","LOG_EXECUTION_ID":"true"},"ingressSettings":"ALLOW_ALL","serviceAccountEmail":"707115539525-compute@developer.gserviceaccount.com","availableMemory":"512Mi","maxInstanceRequestConcurrency":80,"availableCpu":"1"},"labels":{"deployment-tool":"cli-firebase","deployment-callable":"true","firebase-functions-hash":"96186d4b819aef55c80b001ff2eab1a538b01adc"},"environment":"GEN_2"},"stages":[{"name":"BUILD","message":"Build in progress","state":"IN_PROGRESS","resource":"projects/707115539525/locations/europe-west1/builds/c76c26c1-da52-4afe-95ff-b8a17c052726","resourceUri":"https://console.cloud.google.com/cloud-build/builds;region=europe-west1/c76c26c1-da52-4afe-95ff-b8a17c052726?project=707115539525"},{"name":"SERVICE","state":"NOT_STARTED"}],"operationType":"CREATE_FUNCTION","buildName":"projects/707115539525/locations/europe-west1/builds/c76c26c1-da52-4afe-95ff-b8a17c052726"},"done":false}
[debug] [2026-09-30T15:36:21.294Z] [create-default-europe-west1-apriPartita] Retrying task index 0
[debug] [2026-09-30T15:36:21.294Z] Checked if tokens are valid: true, expires at: 1790785655648
[debug] [2026-09-30T15:36:21.295Z] Checked if tokens are valid: true, expires at: 1790785655648
[debug] [2026-09-30T15:36:21.295Z] >>> [apiv2][query] GET https://cloudfunctions.googleapis.com/v2/projects/pokemonsuite-didi-lu/locations/europe-west1/operations/operation-1790782522486-65cb50c1f6fe7-1056d1fc-fa8ae720 [none]
[debug] [2026-09-30T15:36:21.411Z] <<< [apiv2][status] GET https://cloudfunctions.googleapis.com/v2/projects/pokemonsuite-didi-lu/locations/europe-west1/operations/operation-1790782522486-65cb50c1f6fe7-1056d1fc-fa8ae720 200
[debug] [2026-09-30T15:36:21.412Z] <<< [apiv2][body] GET https://cloudfunctions.googleapis.com/v2/projects/pokemonsuite-didi-lu/locations/europe-west1/operations/operation-1790782522486-65cb50c1f6fe7-1056d1fc-fa8ae720 {"name":"projects/pokemonsuite-didi-lu/locations/europe-west1/operations/operation-1790782522486-65cb50c1f6fe7-1056d1fc-fa8ae720","metadata":{"@type":"type.googleapis.com/google.cloud.functions.v2.OperationMetadata","createTime":"2026-09-30T15:35:24.737814965Z","target":"projects/pokemonsuite-didi-lu/locations/europe-west1/functions/apriPartita","verb":"create","cancelRequested":false,"apiVersion":"v2","requestResource":{"@type":"type.googleapis.com/google.cloud.functions.v2.Function","name":"projects/pokemonsuite-didi-lu/locations/europe-west1/functions/apriPartita","buildConfig":{"runtime":"nodejs24","entryPoint":"apriPartita","source":{"storageSource":{"bucket":"gcf-v2-sources-707115539525-europe-west1","object":"apriPartita/function-source.zip","generation":"1790782524081974"}},"environmentVariables":{"GOOGLE_NODE_RUN_SCRIPTS":""},"serviceAccount":"projects/pokemonsuite-didi-lu/serviceAccounts/707115539525-compute@developer.gserviceaccount.com","automaticUpdatePolicy":{}},"serviceConfig":{"service":"projects/pokemonsuite-didi-lu/locations/europe-west1/services/apripartita","timeoutSeconds":60,"environmentVariables":{"CHIAVE_SCELTE":"asfiahirucjaskdjfnkjnkcvjenjkrn2i3443jn49unfejk23j498","FIREBASE_CONFIG":"{\"projectId\":\"pokemonsuite-didi-lu\",\"databaseURL\":\"https://pokemonsuite-didi-lu-default-rtdb.europe-west1.firebasedatabase.app\",\"storageBucket\":\"pokemonsuite-didi-lu.firebasestorage.app\"}","GCLOUD_PROJECT":"pokemonsuite-didi-lu","EVENTARC_CLOUD_EVENT_SOURCE":"projects/pokemonsuite-didi-lu/locations/europe-west1/services/apriPartita","FUNCTION_REGION":"europe-west1","FUNCTION_TARGET":"apriPartita","LOG_EXECUTION_ID":"true"},"ingressSettings":"ALLOW_ALL","serviceAccountEmail":"707115539525-compute@developer.gserviceaccount.com","availableMemory":"512Mi","maxInstanceRequestConcurrency":80,"availableCpu":"1"},"labels":{"deployment-tool":"cli-firebase","deployment-callable":"true","firebase-functions-hash":"96186d4b819aef55c80b001ff2eab1a538b01adc"},"environment":"GEN_2"},"stages":[{"name":"BUILD","message":"Build in progress","state":"IN_PROGRESS","resource":"projects/707115539525/locations/europe-west1/builds/c76c26c1-da52-4afe-95ff-b8a17c052726","resourceUri":"https://console.cloud.google.com/cloud-build/builds;region=europe-west1/c76c26c1-da52-4afe-95ff-b8a17c052726?project=707115539525"},{"name":"SERVICE","state":"NOT_STARTED"}],"operationType":"CREATE_FUNCTION","buildName":"projects/707115539525/locations/europe-west1/builds/c76c26c1-da52-4afe-95ff-b8a17c052726"},"done":false}
[debug] [2026-09-30T15:36:31.413Z] [create-default-europe-west1-apriPartita] Retrying task index 0
[debug] [2026-09-30T15:36:31.413Z] Checked if tokens are valid: true, expires at: 1790785655648
[debug] [2026-09-30T15:36:31.413Z] Checked if tokens are valid: true, expires at: 1790785655648
[debug] [2026-09-30T15:36:31.414Z] >>> [apiv2][query] GET https://cloudfunctions.googleapis.com/v2/projects/pokemonsuite-didi-lu/locations/europe-west1/operations/operation-1790782522486-65cb50c1f6fe7-1056d1fc-fa8ae720 [none]
[debug] [2026-09-30T15:36:31.531Z] <<< [apiv2][status] GET https://cloudfunctions.googleapis.com/v2/projects/pokemonsuite-didi-lu/locations/europe-west1/operations/operation-1790782522486-65cb50c1f6fe7-1056d1fc-fa8ae720 200
[debug] [2026-09-30T15:36:31.531Z] <<< [apiv2][body] GET https://cloudfunctions.googleapis.com/v2/projects/pokemonsuite-didi-lu/locations/europe-west1/operations/operation-1790782522486-65cb50c1f6fe7-1056d1fc-fa8ae720 {"name":"projects/pokemonsuite-didi-lu/locations/europe-west1/operations/operation-1790782522486-65cb50c1f6fe7-1056d1fc-fa8ae720","metadata":{"@type":"type.googleapis.com/google.cloud.functions.v2.OperationMetadata","createTime":"2026-09-30T15:35:24.737814965Z","target":"projects/pokemonsuite-didi-lu/locations/europe-west1/functions/apriPartita","verb":"create","cancelRequested":false,"apiVersion":"v2","requestResource":{"@type":"type.googleapis.com/google.cloud.functions.v2.Function","name":"projects/pokemonsuite-didi-lu/locations/europe-west1/functions/apriPartita","buildConfig":{"runtime":"nodejs24","entryPoint":"apriPartita","source":{"storageSource":{"bucket":"gcf-v2-sources-707115539525-europe-west1","object":"apriPartita/function-source.zip","generation":"1790782524081974"}},"environmentVariables":{"GOOGLE_NODE_RUN_SCRIPTS":""},"serviceAccount":"projects/pokemonsuite-didi-lu/serviceAccounts/707115539525-compute@developer.gserviceaccount.com","automaticUpdatePolicy":{}},"serviceConfig":{"service":"projects/pokemonsuite-didi-lu/locations/europe-west1/services/apripartita","timeoutSeconds":60,"environmentVariables":{"CHIAVE_SCELTE":"asfiahirucjaskdjfnkjnkcvjenjkrn2i3443jn49unfejk23j498","FIREBASE_CONFIG":"{\"projectId\":\"pokemonsuite-didi-lu\",\"databaseURL\":\"https://pokemonsuite-didi-lu-default-rtdb.europe-west1.firebasedatabase.app\",\"storageBucket\":\"pokemonsuite-didi-lu.firebasestorage.app\"}","GCLOUD_PROJECT":"pokemonsuite-didi-lu","EVENTARC_CLOUD_EVENT_SOURCE":"projects/pokemonsuite-didi-lu/locations/europe-west1/services/apriPartita","FUNCTION_REGION":"europe-west1","FUNCTION_TARGET":"apriPartita","LOG_EXECUTION_ID":"true"},"ingressSettings":"ALLOW_ALL","serviceAccountEmail":"707115539525-compute@developer.gserviceaccount.com","availableMemory":"512Mi","maxInstanceRequestConcurrency":80,"availableCpu":"1"},"labels":{"deployment-tool":"cli-firebase","deployment-callable":"true","firebase-functions-hash":"96186d4b819aef55c80b001ff2eab1a538b01adc"},"environment":"GEN_2"},"stages":[{"name":"BUILD","message":"Build in progress","state":"IN_PROGRESS","resource":"projects/707115539525/locations/europe-west1/builds/c76c26c1-da52-4afe-95ff-b8a17c052726","resourceUri":"https://console.cloud.google.com/cloud-build/builds;region=europe-west1/c76c26c1-da52-4afe-95ff-b8a17c052726?project=707115539525"},{"name":"SERVICE","state":"NOT_STARTED"}],"operationType":"CREATE_FUNCTION","buildName":"projects/707115539525/locations/europe-west1/builds/c76c26c1-da52-4afe-95ff-b8a17c052726"},"done":false}
[debug] [2026-09-30T15:36:41.537Z] [create-default-europe-west1-apriPartita] Retrying task index 0
[debug] [2026-09-30T15:36:41.538Z] Checked if tokens are valid: true, expires at: 1790785655648
[debug] [2026-09-30T15:36:41.538Z] Checked if tokens are valid: true, expires at: 1790785655648
[debug] [2026-09-30T15:36:41.538Z] >>> [apiv2][query] GET https://cloudfunctions.googleapis.com/v2/projects/pokemonsuite-didi-lu/locations/europe-west1/operations/operation-1790782522486-65cb50c1f6fe7-1056d1fc-fa8ae720 [none]
[debug] [2026-09-30T15:36:41.652Z] <<< [apiv2][status] GET https://cloudfunctions.googleapis.com/v2/projects/pokemonsuite-didi-lu/locations/europe-west1/operations/operation-1790782522486-65cb50c1f6fe7-1056d1fc-fa8ae720 200
[debug] [2026-09-30T15:36:41.652Z] <<< [apiv2][body] GET https://cloudfunctions.googleapis.com/v2/projects/pokemonsuite-didi-lu/locations/europe-west1/operations/operation-1790782522486-65cb50c1f6fe7-1056d1fc-fa8ae720 {"name":"projects/pokemonsuite-didi-lu/locations/europe-west1/operations/operation-1790782522486-65cb50c1f6fe7-1056d1fc-fa8ae720","metadata":{"@type":"type.googleapis.com/google.cloud.functions.v2.OperationMetadata","createTime":"2026-09-30T15:35:24.737814965Z","target":"projects/pokemonsuite-didi-lu/locations/europe-west1/functions/apriPartita","verb":"create","cancelRequested":false,"apiVersion":"v2","requestResource":{"@type":"type.googleapis.com/google.cloud.functions.v2.Function","name":"projects/pokemonsuite-didi-lu/locations/europe-west1/functions/apriPartita","buildConfig":{"runtime":"nodejs24","entryPoint":"apriPartita","source":{"storageSource":{"bucket":"gcf-v2-sources-707115539525-europe-west1","object":"apriPartita/function-source.zip","generation":"1790782524081974"}},"environmentVariables":{"GOOGLE_NODE_RUN_SCRIPTS":""},"serviceAccount":"projects/pokemonsuite-didi-lu/serviceAccounts/707115539525-compute@developer.gserviceaccount.com","automaticUpdatePolicy":{}},"serviceConfig":{"service":"projects/pokemonsuite-didi-lu/locations/europe-west1/services/apripartita","timeoutSeconds":60,"environmentVariables":{"CHIAVE_SCELTE":"asfiahirucjaskdjfnkjnkcvjenjkrn2i3443jn49unfejk23j498","FIREBASE_CONFIG":"{\"projectId\":\"pokemonsuite-didi-lu\",\"databaseURL\":\"https://pokemonsuite-didi-lu-default-rtdb.europe-west1.firebasedatabase.app\",\"storageBucket\":\"pokemonsuite-didi-lu.firebasestorage.app\"}","GCLOUD_PROJECT":"pokemonsuite-didi-lu","EVENTARC_CLOUD_EVENT_SOURCE":"projects/pokemonsuite-didi-lu/locations/europe-west1/services/apriPartita","FUNCTION_REGION":"europe-west1","FUNCTION_TARGET":"apriPartita","LOG_EXECUTION_ID":"true"},"ingressSettings":"ALLOW_ALL","serviceAccountEmail":"707115539525-compute@developer.gserviceaccount.com","availableMemory":"512Mi","maxInstanceRequestConcurrency":80,"availableCpu":"1"},"labels":{"deployment-tool":"cli-firebase","deployment-callable":"true","firebase-functions-hash":"96186d4b819aef55c80b001ff2eab1a538b01adc"},"environment":"GEN_2"},"stages":[{"name":"BUILD","message":"Build in progress","state":"IN_PROGRESS","resource":"projects/707115539525/locations/europe-west1/builds/c76c26c1-da52-4afe-95ff-b8a17c052726","resourceUri":"https://console.cloud.google.com/cloud-build/builds;region=europe-west1/c76c26c1-da52-4afe-95ff-b8a17c052726?project=707115539525"},{"name":"SERVICE","state":"NOT_STARTED"}],"operationType":"CREATE_FUNCTION","buildName":"projects/707115539525/locations/europe-west1/builds/c76c26c1-da52-4afe-95ff-b8a17c052726"},"done":false}
[debug] [2026-09-30T15:36:51.659Z] [create-default-europe-west1-apriPartita] Retrying task index 0
[debug] [2026-09-30T15:36:51.659Z] Checked if tokens are valid: true, expires at: 1790785655648
[debug] [2026-09-30T15:36:51.659Z] Checked if tokens are valid: true, expires at: 1790785655648
[debug] [2026-09-30T15:36:51.659Z] >>> [apiv2][query] GET https://cloudfunctions.googleapis.com/v2/projects/pokemonsuite-didi-lu/locations/europe-west1/operations/operation-1790782522486-65cb50c1f6fe7-1056d1fc-fa8ae720 [none]
[debug] [2026-09-30T15:36:51.780Z] <<< [apiv2][status] GET https://cloudfunctions.googleapis.com/v2/projects/pokemonsuite-didi-lu/locations/europe-west1/operations/operation-1790782522486-65cb50c1f6fe7-1056d1fc-fa8ae720 200
[debug] [2026-09-30T15:36:51.780Z] <<< [apiv2][body] GET https://cloudfunctions.googleapis.com/v2/projects/pokemonsuite-didi-lu/locations/europe-west1/operations/operation-1790782522486-65cb50c1f6fe7-1056d1fc-fa8ae720 {"name":"projects/pokemonsuite-didi-lu/locations/europe-west1/operations/operation-1790782522486-65cb50c1f6fe7-1056d1fc-fa8ae720","metadata":{"@type":"type.googleapis.com/google.cloud.functions.v2.OperationMetadata","createTime":"2026-09-30T15:35:24.737814965Z","target":"projects/pokemonsuite-didi-lu/locations/europe-west1/functions/apriPartita","verb":"create","cancelRequested":false,"apiVersion":"v2","requestResource":{"@type":"type.googleapis.com/google.cloud.functions.v2.Function","name":"projects/pokemonsuite-didi-lu/locations/europe-west1/functions/apriPartita","buildConfig":{"runtime":"nodejs24","entryPoint":"apriPartita","source":{"storageSource":{"bucket":"gcf-v2-sources-707115539525-europe-west1","object":"apriPartita/function-source.zip","generation":"1790782524081974"}},"environmentVariables":{"GOOGLE_NODE_RUN_SCRIPTS":""},"serviceAccount":"projects/pokemonsuite-didi-lu/serviceAccounts/707115539525-compute@developer.gserviceaccount.com","automaticUpdatePolicy":{}},"serviceConfig":{"service":"projects/pokemonsuite-didi-lu/locations/europe-west1/services/apripartita","timeoutSeconds":60,"environmentVariables":{"CHIAVE_SCELTE":"asfiahirucjaskdjfnkjnkcvjenjkrn2i3443jn49unfejk23j498","FIREBASE_CONFIG":"{\"projectId\":\"pokemonsuite-didi-lu\",\"databaseURL\":\"https://pokemonsuite-didi-lu-default-rtdb.europe-west1.firebasedatabase.app\",\"storageBucket\":\"pokemonsuite-didi-lu.firebasestorage.app\"}","GCLOUD_PROJECT":"pokemonsuite-didi-lu","EVENTARC_CLOUD_EVENT_SOURCE":"projects/pokemonsuite-didi-lu/locations/europe-west1/services/apriPartita","FUNCTION_REGION":"europe-west1","FUNCTION_TARGET":"apriPartita","LOG_EXECUTION_ID":"true"},"ingressSettings":"ALLOW_ALL","serviceAccountEmail":"707115539525-compute@developer.gserviceaccount.com","availableMemory":"512Mi","maxInstanceRequestConcurrency":80,"availableCpu":"1"},"labels":{"deployment-tool":"cli-firebase","deployment-callable":"true","firebase-functions-hash":"96186d4b819aef55c80b001ff2eab1a538b01adc"},"environment":"GEN_2"},"stages":[{"name":"BUILD","message":"Build in progress","state":"IN_PROGRESS","resource":"projects/707115539525/locations/europe-west1/builds/c76c26c1-da52-4afe-95ff-b8a17c052726","resourceUri":"https://console.cloud.google.com/cloud-build/builds;region=europe-west1/c76c26c1-da52-4afe-95ff-b8a17c052726?project=707115539525"},{"name":"SERVICE","state":"NOT_STARTED"}],"operationType":"CREATE_FUNCTION","buildName":"projects/707115539525/locations/europe-west1/builds/c76c26c1-da52-4afe-95ff-b8a17c052726"},"done":false}
[debug] [2026-09-30T15:37:01.787Z] [create-default-europe-west1-apriPartita] Retrying task index 0
[debug] [2026-09-30T15:37:01.787Z] Checked if tokens are valid: true, expires at: 1790785655648
[debug] [2026-09-30T15:37:01.787Z] Checked if tokens are valid: true, expires at: 1790785655648
[debug] [2026-09-30T15:37:01.787Z] >>> [apiv2][query] GET https://cloudfunctions.googleapis.com/v2/projects/pokemonsuite-didi-lu/locations/europe-west1/operations/operation-1790782522486-65cb50c1f6fe7-1056d1fc-fa8ae720 [none]
[debug] [2026-09-30T15:37:01.906Z] <<< [apiv2][status] GET https://cloudfunctions.googleapis.com/v2/projects/pokemonsuite-didi-lu/locations/europe-west1/operations/operation-1790782522486-65cb50c1f6fe7-1056d1fc-fa8ae720 200
[debug] [2026-09-30T15:37:01.907Z] <<< [apiv2][body] GET https://cloudfunctions.googleapis.com/v2/projects/pokemonsuite-didi-lu/locations/europe-west1/operations/operation-1790782522486-65cb50c1f6fe7-1056d1fc-fa8ae720 {"name":"projects/pokemonsuite-didi-lu/locations/europe-west1/operations/operation-1790782522486-65cb50c1f6fe7-1056d1fc-fa8ae720","metadata":{"@type":"type.googleapis.com/google.cloud.functions.v2.OperationMetadata","createTime":"2026-09-30T15:35:24.737814965Z","target":"projects/pokemonsuite-didi-lu/locations/europe-west1/functions/apriPartita","verb":"create","cancelRequested":false,"apiVersion":"v2","requestResource":{"@type":"type.googleapis.com/google.cloud.functions.v2.Function","name":"projects/pokemonsuite-didi-lu/locations/europe-west1/functions/apriPartita","buildConfig":{"runtime":"nodejs24","entryPoint":"apriPartita","source":{"storageSource":{"bucket":"gcf-v2-sources-707115539525-europe-west1","object":"apriPartita/function-source.zip","generation":"1790782524081974"}},"environmentVariables":{"GOOGLE_NODE_RUN_SCRIPTS":""},"serviceAccount":"projects/pokemonsuite-didi-lu/serviceAccounts/707115539525-compute@developer.gserviceaccount.com","automaticUpdatePolicy":{}},"serviceConfig":{"service":"projects/pokemonsuite-didi-lu/locations/europe-west1/services/apripartita","timeoutSeconds":60,"environmentVariables":{"CHIAVE_SCELTE":"asfiahirucjaskdjfnkjnkcvjenjkrn2i3443jn49unfejk23j498","FIREBASE_CONFIG":"{\"projectId\":\"pokemonsuite-didi-lu\",\"databaseURL\":\"https://pokemonsuite-didi-lu-default-rtdb.europe-west1.firebasedatabase.app\",\"storageBucket\":\"pokemonsuite-didi-lu.firebasestorage.app\"}","GCLOUD_PROJECT":"pokemonsuite-didi-lu","EVENTARC_CLOUD_EVENT_SOURCE":"projects/pokemonsuite-didi-lu/locations/europe-west1/services/apriPartita","FUNCTION_REGION":"europe-west1","FUNCTION_TARGET":"apriPartita","LOG_EXECUTION_ID":"true"},"ingressSettings":"ALLOW_ALL","serviceAccountEmail":"707115539525-compute@developer.gserviceaccount.com","availableMemory":"512Mi","maxInstanceRequestConcurrency":80,"availableCpu":"1"},"labels":{"deployment-tool":"cli-firebase","deployment-callable":"true","firebase-functions-hash":"96186d4b819aef55c80b001ff2eab1a538b01adc"},"environment":"GEN_2"},"stages":[{"name":"BUILD","message":"Build finished","state":"COMPLETE","resource":"projects/707115539525/locations/europe-west1/builds/c76c26c1-da52-4afe-95ff-b8a17c052726","resourceUri":"https://console.cloud.google.com/cloud-build/builds;region=europe-west1/c76c26c1-da52-4afe-95ff-b8a17c052726?project=707115539525"},{"name":"SERVICE","message":"Creating Cloud Run service","state":"IN_PROGRESS","resource":"projects/pokemonsuite-didi-lu/locations/europe-west1/services/apripartita","resourceUri":"https://console.cloud.google.com/run/detail/europe-west1/apripartita?project=pokemonsuite-didi-lu"}],"sourceToken":"Clhwcm9qZWN0cy83MDcxMTU1Mzk1MjUvbG9jYXRpb25zL2V1cm9wZS13ZXN0MS9idWlsZHMvYzc2YzI2YzEtZGE1Mi00YWZlLTk1ZmYtYjhhMTdjMDUyNzI2EnxldXJvcGUtd2VzdDEtZG9ja2VyLnBrZy5kZXYvcG9rZW1vbnN1aXRlLWRpZGktbHUvZ2NmLWFydGlmYWN0cy9wb2tlbW9uc3VpdGUtLWRpZGktLWx1X19ldXJvcGUtLXdlc3QxX19hcHJpX3BhcnRpdGE6dmVyc2lvbl8xGMW4+5rKFCJKcHJvamVjdHMvcG9rZW1vbnN1aXRlLWRpZGktbHUvbG9jYXRpb25zL2V1cm9wZS13ZXN0MS9mdW5jdGlvbnMvYXByaVBhcnRpdGEqDAib2fTVBhC40u3dATIIbm9kZWpzMjQ6dwojZ2NyLmlvL2dhZS1ydW50aW1lcy9ub2RlanMyNDpzdGFibGUSUGV1cm9wZS13ZXN0MS1kb2NrZXIucGtnLmRldi9zZXJ2ZXJsZXNzLXJ1bnRpbWVzL2dvb2dsZS0yNC1mdWxsL3J1bnRpbWVzL25vZGVqczI0QAE=","operationType":"CREATE_FUNCTION","buildName":"projects/707115539525/locations/europe-west1/builds/c76c26c1-da52-4afe-95ff-b8a17c052726"},"done":false}
[debug] [2026-09-30T15:37:01.907Z] Got source token Clhwcm9qZWN0cy83MDcxMTU1Mzk1MjUvbG9jYXRpb25zL2V1cm9wZS13ZXN0MS9idWlsZHMvYzc2YzI2YzEtZGE1Mi00YWZlLTk1ZmYtYjhhMTdjMDUyNzI2EnxldXJvcGUtd2VzdDEtZG9ja2VyLnBrZy5kZXYvcG9rZW1vbnN1aXRlLWRpZGktbHUvZ2NmLWFydGlmYWN0cy9wb2tlbW9uc3VpdGUtLWRpZGktLWx1X19ldXJvcGUtLXdlc3QxX19hcHJpX3BhcnRpdGE6dmVyc2lvbl8xGMW4+5rKFCJKcHJvamVjdHMvcG9rZW1vbnN1aXRlLWRpZGktbHUvbG9jYXRpb25zL2V1cm9wZS13ZXN0MS9mdW5jdGlvbnMvYXByaVBhcnRpdGEqDAib2fTVBhC40u3dATIIbm9kZWpzMjQ6dwojZ2NyLmlvL2dhZS1ydW50aW1lcy9ub2RlanMyNDpzdGFibGUSUGV1cm9wZS13ZXN0MS1kb2NrZXIucGtnLmRldi9zZXJ2ZXJsZXNzLXJ1bnRpbWVzL2dvb2dsZS0yNC1mdWxsL3J1bnRpbWVzL25vZGVqczI0QAE= for region europe-west1
[debug] [2026-09-30T15:37:01.907Z] Checked if tokens are valid: true, expires at: 1790785655648
[debug] [2026-09-30T15:37:01.907Z] Checked if tokens are valid: true, expires at: 1790785655648
[debug] [2026-09-30T15:37:01.907Z] Checked if tokens are valid: true, expires at: 1790785655648
[debug] [2026-09-30T15:37:01.907Z] Checked if tokens are valid: true, expires at: 1790785655648
[debug] [2026-09-30T15:37:01.907Z] Checked if tokens are valid: true, expires at: 1790785655648
[debug] [2026-09-30T15:37:01.907Z] Checked if tokens are valid: true, expires at: 1790785655648
[debug] [2026-09-30T15:37:01.907Z] >>> [apiv2][query] POST https://cloudfunctions.googleapis.com/v2/projects/pokemonsuite-didi-lu/locations/europe-west1/functions functionId=prontoPartita
[debug] [2026-09-30T15:37:01.908Z] >>> [apiv2][body] POST https://cloudfunctions.googleapis.com/v2/projects/pokemonsuite-didi-lu/locations/europe-west1/functions {"name":"projects/pokemonsuite-didi-lu/locations/europe-west1/functions/prontoPartita","buildConfig":{"runtime":"nodejs24","entryPoint":"prontoPartita","source":{"storageSource":{"bucket":"gcf-v2-uploads-707115539525.europe-west1.cloudfunctions.appspot.com","object":"65450ca9-86ed-48fb-a1d4-c4947651a942.zip"}},"environmentVariables":{"GOOGLE_NODE_RUN_SCRIPTS":""},"sourceToken":"Clhwcm9qZWN0cy83MDcxMTU1Mzk1MjUvbG9jYXRpb25zL2V1cm9wZS13ZXN0MS9idWlsZHMvYzc2YzI2YzEtZGE1Mi00YWZlLTk1ZmYtYjhhMTdjMDUyNzI2EnxldXJvcGUtd2VzdDEtZG9ja2VyLnBrZy5kZXYvcG9rZW1vbnN1aXRlLWRpZGktbHUvZ2NmLWFydGlmYWN0cy9wb2tlbW9uc3VpdGUtLWRpZGktLWx1X19ldXJvcGUtLXdlc3QxX19hcHJpX3BhcnRpdGE6dmVyc2lvbl8xGMW4+5rKFCJKcHJvamVjdHMvcG9rZW1vbnN1aXRlLWRpZGktbHUvbG9jYXRpb25zL2V1cm9wZS13ZXN0MS9mdW5jdGlvbnMvYXByaVBhcnRpdGEqDAib2fTVBhC40u3dATIIbm9kZWpzMjQ6dwojZ2NyLmlvL2dhZS1ydW50aW1lcy9ub2RlanMyNDpzdGFibGUSUGV1cm9wZS13ZXN0MS1kb2NrZXIucGtnLmRldi9zZXJ2ZXJsZXNzLXJ1bnRpbWVzL2dvb2dsZS0yNC1mdWxsL3J1bnRpbWVzL25vZGVqczI0QAE="},"serviceConfig":{"environmentVariables":{"CHIAVE_SCELTE":"asfiahirucjaskdjfnkjnkcvjenjkrn2i3443jn49unfejk23j498","FIREBASE_CONFIG":"{\"projectId\":\"pokemonsuite-didi-lu\",\"databaseURL\":\"https://pokemonsuite-didi-lu-default-rtdb.europe-west1.firebasedatabase.app\",\"storageBucket\":\"pokemonsuite-didi-lu.firebasestorage.app\"}","GCLOUD_PROJECT":"pokemonsuite-didi-lu","EVENTARC_CLOUD_EVENT_SOURCE":"projects/pokemonsuite-didi-lu/locations/europe-west1/services/prontoPartita","FUNCTION_REGION":"europe-west1","FUNCTION_TARGET":"prontoPartita","LOG_EXECUTION_ID":"true"},"ingressSettings":null,"timeoutSeconds":60,"serviceAccountEmail":null,"availableMemory":"512Mi","minInstanceCount":null,"maxInstanceCount":null,"maxInstanceRequestConcurrency":80,"availableCpu":"1","vpcConnector":null,"vpcConnectorEgressSettings":null,"directVpcNetworkInterface":null,"directVpcEgress":null},"labels":{"deployment-tool":"cli-firebase","deployment-callable":"true","firebase-functions-hash":"96186d4b819aef55c80b001ff2eab1a538b01adc"}}
[debug] [2026-09-30T15:37:01.908Z] >>> [apiv2][query] POST https://cloudfunctions.googleapis.com/v2/projects/pokemonsuite-didi-lu/locations/europe-west1/functions functionId=inviaScelta
[debug] [2026-09-30T15:37:01.908Z] >>> [apiv2][body] POST https://cloudfunctions.googleapis.com/v2/projects/pokemonsuite-didi-lu/locations/europe-west1/functions {"name":"projects/pokemonsuite-didi-lu/locations/europe-west1/functions/inviaScelta","buildConfig":{"runtime":"nodejs24","entryPoint":"inviaScelta","source":{"storageSource":{"bucket":"gcf-v2-uploads-707115539525.europe-west1.cloudfunctions.appspot.com","object":"65450ca9-86ed-48fb-a1d4-c4947651a942.zip"}},"environmentVariables":{"GOOGLE_NODE_RUN_SCRIPTS":""},"sourceToken":"Clhwcm9qZWN0cy83MDcxMTU1Mzk1MjUvbG9jYXRpb25zL2V1cm9wZS13ZXN0MS9idWlsZHMvYzc2YzI2YzEtZGE1Mi00YWZlLTk1ZmYtYjhhMTdjMDUyNzI2EnxldXJvcGUtd2VzdDEtZG9ja2VyLnBrZy5kZXYvcG9rZW1vbnN1aXRlLWRpZGktbHUvZ2NmLWFydGlmYWN0cy9wb2tlbW9uc3VpdGUtLWRpZGktLWx1X19ldXJvcGUtLXdlc3QxX19hcHJpX3BhcnRpdGE6dmVyc2lvbl8xGMW4+5rKFCJKcHJvamVjdHMvcG9rZW1vbnN1aXRlLWRpZGktbHUvbG9jYXRpb25zL2V1cm9wZS13ZXN0MS9mdW5jdGlvbnMvYXByaVBhcnRpdGEqDAib2fTVBhC40u3dATIIbm9kZWpzMjQ6dwojZ2NyLmlvL2dhZS1ydW50aW1lcy9ub2RlanMyNDpzdGFibGUSUGV1cm9wZS13ZXN0MS1kb2NrZXIucGtnLmRldi9zZXJ2ZXJsZXNzLXJ1bnRpbWVzL2dvb2dsZS0yNC1mdWxsL3J1bnRpbWVzL25vZGVqczI0QAE="},"serviceConfig":{"environmentVariables":{"CHIAVE_SCELTE":"asfiahirucjaskdjfnkjnkcvjenjkrn2i3443jn49unfejk23j498","FIREBASE_CONFIG":"{\"projectId\":\"pokemonsuite-didi-lu\",\"databaseURL\":\"https://pokemonsuite-didi-lu-default-rtdb.europe-west1.firebasedatabase.app\",\"storageBucket\":\"pokemonsuite-didi-lu.firebasestorage.app\"}","GCLOUD_PROJECT":"pokemonsuite-didi-lu","EVENTARC_CLOUD_EVENT_SOURCE":"projects/pokemonsuite-didi-lu/locations/europe-west1/services/inviaScelta","FUNCTION_REGION":"europe-west1","FUNCTION_TARGET":"inviaScelta","LOG_EXECUTION_ID":"true"},"ingressSettings":null,"timeoutSeconds":60,"serviceAccountEmail":null,"availableMemory":"512Mi","minInstanceCount":0,"maxInstanceCount":null,"maxInstanceRequestConcurrency":80,"availableCpu":"1","vpcConnector":null,"vpcConnectorEgressSettings":null,"directVpcNetworkInterface":null,"directVpcEgress":null},"labels":{"deployment-tool":"cli-firebase","deployment-callable":"true","firebase-functions-hash":"96186d4b819aef55c80b001ff2eab1a538b01adc"}}
[debug] [2026-09-30T15:37:01.909Z] >>> [apiv2][query] POST https://cloudfunctions.googleapis.com/v2/projects/pokemonsuite-didi-lu/locations/europe-west1/functions functionId=salvaPartitaConclusa
[debug] [2026-09-30T15:37:01.909Z] >>> [apiv2][body] POST https://cloudfunctions.googleapis.com/v2/projects/pokemonsuite-didi-lu/locations/europe-west1/functions {"name":"projects/pokemonsuite-didi-lu/locations/europe-west1/functions/salvaPartitaConclusa","buildConfig":{"runtime":"nodejs24","entryPoint":"salvaPartitaConclusa","source":{"storageSource":{"bucket":"gcf-v2-uploads-707115539525.europe-west1.cloudfunctions.appspot.com","object":"65450ca9-86ed-48fb-a1d4-c4947651a942.zip"}},"environmentVariables":{"GOOGLE_NODE_RUN_SCRIPTS":""},"sourceToken":"Clhwcm9qZWN0cy83MDcxMTU1Mzk1MjUvbG9jYXRpb25zL2V1cm9wZS13ZXN0MS9idWlsZHMvYzc2YzI2YzEtZGE1Mi00YWZlLTk1ZmYtYjhhMTdjMDUyNzI2EnxldXJvcGUtd2VzdDEtZG9ja2VyLnBrZy5kZXYvcG9rZW1vbnN1aXRlLWRpZGktbHUvZ2NmLWFydGlmYWN0cy9wb2tlbW9uc3VpdGUtLWRpZGktLWx1X19ldXJvcGUtLXdlc3QxX19hcHJpX3BhcnRpdGE6dmVyc2lvbl8xGMW4+5rKFCJKcHJvamVjdHMvcG9rZW1vbnN1aXRlLWRpZGktbHUvbG9jYXRpb25zL2V1cm9wZS13ZXN0MS9mdW5jdGlvbnMvYXByaVBhcnRpdGEqDAib2fTVBhC40u3dATIIbm9kZWpzMjQ6dwojZ2NyLmlvL2dhZS1ydW50aW1lcy9ub2RlanMyNDpzdGFibGUSUGV1cm9wZS13ZXN0MS1kb2NrZXIucGtnLmRldi9zZXJ2ZXJsZXNzLXJ1bnRpbWVzL2dvb2dsZS0yNC1mdWxsL3J1bnRpbWVzL25vZGVqczI0QAE="},"serviceConfig":{"environmentVariables":{"CHIAVE_SCELTE":"asfiahirucjaskdjfnkjnkcvjenjkrn2i3443jn49unfejk23j498","FIREBASE_CONFIG":"{\"projectId\":\"pokemonsuite-didi-lu\",\"databaseURL\":\"https://pokemonsuite-didi-lu-default-rtdb.europe-west1.firebasedatabase.app\",\"storageBucket\":\"pokemonsuite-didi-lu.firebasestorage.app\"}","GCLOUD_PROJECT":"pokemonsuite-didi-lu","EVENTARC_CLOUD_EVENT_SOURCE":"projects/pokemonsuite-didi-lu/locations/europe-west1/services/salvaPartitaConclusa","FUNCTION_REGION":"europe-west1","FUNCTION_SIGNATURE_TYPE":"cloudevent","FUNCTION_TARGET":"salvaPartitaConclusa","LOG_EXECUTION_ID":"true"},"ingressSettings":null,"timeoutSeconds":300,"serviceAccountEmail":null,"availableMemory":"512Mi","minInstanceCount":null,"maxInstanceCount":null,"maxInstanceRequestConcurrency":80,"availableCpu":"1","vpcConnector":null,"vpcConnectorEgressSettings":null,"directVpcNetworkInterface":null,"directVpcEgress":null},"labels":{"deployment-tool":"cli-firebase","firebase-functions-hash":"96186d4b819aef55c80b001ff2eab1a538b01adc"},"eventTrigger":{"eventType":"google.firebase.database.ref.v1.written","retryPolicy":"RETRY_POLICY_DO_NOT_RETRY","eventFilters":[{"attribute":"instance","value":"pokemonsuite-didi-lu-default-rtdb"},{"attribute":"ref","value":"partite/{id}/stato","operator":"match-path-pattern"}],"triggerRegion":"europe-west1"}}
[debug] [2026-09-30T15:37:02.661Z] <<< [apiv2][status] POST https://cloudfunctions.googleapis.com/v2/projects/pokemonsuite-didi-lu/locations/europe-west1/functions 200
[debug] [2026-09-30T15:37:02.661Z] <<< [apiv2][body] POST https://cloudfunctions.googleapis.com/v2/projects/pokemonsuite-didi-lu/locations/europe-west1/functions {"name":"projects/pokemonsuite-didi-lu/locations/europe-west1/operations/operation-1790782621982-65cb5120d9e76-4663c913-f1c53c72","metadata":{"@type":"type.googleapis.com/google.cloud.functions.v2.OperationMetadata","createTime":"2026-09-30T15:37:02.614326467Z","target":"projects/pokemonsuite-didi-lu/locations/europe-west1/functions/prontoPartita","verb":"create","cancelRequested":false,"apiVersion":"v2"},"done":false}
[debug] [2026-09-30T15:37:02.661Z] Checked if tokens are valid: true, expires at: 1790785655648
[debug] [2026-09-30T15:37:02.661Z] Checked if tokens are valid: true, expires at: 1790785655648
[debug] [2026-09-30T15:37:02.661Z] >>> [apiv2][query] GET https://cloudfunctions.googleapis.com/v2/projects/pokemonsuite-didi-lu/locations/europe-west1/operations/operation-1790782621982-65cb5120d9e76-4663c913-f1c53c72 [none]
[debug] [2026-09-30T15:37:02.748Z] <<< [apiv2][status] GET https://cloudfunctions.googleapis.com/v2/projects/pokemonsuite-didi-lu/locations/europe-west1/operations/operation-1790782621982-65cb5120d9e76-4663c913-f1c53c72 200
[debug] [2026-09-30T15:37:02.749Z] <<< [apiv2][body] GET https://cloudfunctions.googleapis.com/v2/projects/pokemonsuite-didi-lu/locations/europe-west1/operations/operation-1790782621982-65cb5120d9e76-4663c913-f1c53c72 {"name":"projects/pokemonsuite-didi-lu/locations/europe-west1/operations/operation-1790782621982-65cb5120d9e76-4663c913-f1c53c72","metadata":{"@type":"type.googleapis.com/google.cloud.functions.v2.OperationMetadata","createTime":"2026-09-30T15:37:02.614326467Z","target":"projects/pokemonsuite-didi-lu/locations/europe-west1/functions/prontoPartita","verb":"create","cancelRequested":false,"apiVersion":"v2"},"done":false}
[debug] [2026-09-30T15:37:02.796Z] <<< [apiv2][status] POST https://cloudfunctions.googleapis.com/v2/projects/pokemonsuite-didi-lu/locations/europe-west1/functions 200
[debug] [2026-09-30T15:37:02.796Z] <<< [apiv2][body] POST https://cloudfunctions.googleapis.com/v2/projects/pokemonsuite-didi-lu/locations/europe-west1/functions {"name":"projects/pokemonsuite-didi-lu/locations/europe-west1/operations/operation-1790782622078-65cb5120f16a2-1f5fc19b-c33fc14d","metadata":{"@type":"type.googleapis.com/google.cloud.functions.v2.OperationMetadata","createTime":"2026-09-30T15:37:02.749667462Z","target":"projects/pokemonsuite-didi-lu/locations/europe-west1/functions/inviaScelta","verb":"create","cancelRequested":false,"apiVersion":"v2"},"done":false}
[debug] [2026-09-30T15:37:02.796Z] Checked if tokens are valid: true, expires at: 1790785655648
[debug] [2026-09-30T15:37:02.796Z] Checked if tokens are valid: true, expires at: 1790785655648
[debug] [2026-09-30T15:37:02.796Z] >>> [apiv2][query] GET https://cloudfunctions.googleapis.com/v2/projects/pokemonsuite-didi-lu/locations/europe-west1/operations/operation-1790782622078-65cb5120f16a2-1f5fc19b-c33fc14d [none]
[debug] [2026-09-30T15:37:02.864Z] <<< [apiv2][status] GET https://cloudfunctions.googleapis.com/v2/projects/pokemonsuite-didi-lu/locations/europe-west1/operations/operation-1790782622078-65cb5120f16a2-1f5fc19b-c33fc14d 200
[debug] [2026-09-30T15:37:02.865Z] <<< [apiv2][body] GET https://cloudfunctions.googleapis.com/v2/projects/pokemonsuite-didi-lu/locations/europe-west1/operations/operation-1790782622078-65cb5120f16a2-1f5fc19b-c33fc14d {"name":"projects/pokemonsuite-didi-lu/locations/europe-west1/operations/operation-1790782622078-65cb5120f16a2-1f5fc19b-c33fc14d","metadata":{"@type":"type.googleapis.com/google.cloud.functions.v2.OperationMetadata","createTime":"2026-09-30T15:37:02.749667462Z","target":"projects/pokemonsuite-didi-lu/locations/europe-west1/functions/inviaScelta","verb":"create","cancelRequested":false,"apiVersion":"v2"},"done":false}
[debug] [2026-09-30T15:37:03.249Z] [create-default-europe-west1-prontoPartita] Retrying task index 0
[debug] [2026-09-30T15:37:03.249Z] Checked if tokens are valid: true, expires at: 1790785655648
[debug] [2026-09-30T15:37:03.249Z] Checked if tokens are valid: true, expires at: 1790785655648
[debug] [2026-09-30T15:37:03.249Z] >>> [apiv2][query] GET https://cloudfunctions.googleapis.com/v2/projects/pokemonsuite-didi-lu/locations/europe-west1/operations/operation-1790782621982-65cb5120d9e76-4663c913-f1c53c72 [none]
[debug] [2026-09-30T15:37:03.337Z] <<< [apiv2][status] GET https://cloudfunctions.googleapis.com/v2/projects/pokemonsuite-didi-lu/locations/europe-west1/operations/operation-1790782621982-65cb5120d9e76-4663c913-f1c53c72 200
[debug] [2026-09-30T15:37:03.337Z] <<< [apiv2][body] GET https://cloudfunctions.googleapis.com/v2/projects/pokemonsuite-didi-lu/locations/europe-west1/operations/operation-1790782621982-65cb5120d9e76-4663c913-f1c53c72 {"name":"projects/pokemonsuite-didi-lu/locations/europe-west1/operations/operation-1790782621982-65cb5120d9e76-4663c913-f1c53c72","metadata":{"@type":"type.googleapis.com/google.cloud.functions.v2.OperationMetadata","createTime":"2026-09-30T15:37:02.614326467Z","target":"projects/pokemonsuite-didi-lu/locations/europe-west1/functions/prontoPartita","verb":"create","cancelRequested":false,"apiVersion":"v2","requestResource":{"@type":"type.googleapis.com/google.cloud.functions.v2.Function","name":"projects/pokemonsuite-didi-lu/locations/europe-west1/functions/prontoPartita","buildConfig":{"runtime":"nodejs24","entryPoint":"prontoPartita","source":{"storageSource":{"bucket":"gcf-v2-sources-707115539525-europe-west1","object":"prontoPartita/function-source.zip","generation":"1790782622213908"}},"environmentVariables":{"GOOGLE_NODE_RUN_SCRIPTS":""},"sourceToken":"Clhwcm9qZWN0cy83MDcxMTU1Mzk1MjUvbG9jYXRpb25zL2V1cm9wZS13ZXN0MS9idWlsZHMvYzc2YzI2YzEtZGE1Mi00YWZlLTk1ZmYtYjhhMTdjMDUyNzI2EnxldXJvcGUtd2VzdDEtZG9ja2VyLnBrZy5kZXYvcG9rZW1vbnN1aXRlLWRpZGktbHUvZ2NmLWFydGlmYWN0cy9wb2tlbW9uc3VpdGUtLWRpZGktLWx1X19ldXJvcGUtLXdlc3QxX19hcHJpX3BhcnRpdGE6dmVyc2lvbl8xGMW4+5rKFCJKcHJvamVjdHMvcG9rZW1vbnN1aXRlLWRpZGktbHUvbG9jYXRpb25zL2V1cm9wZS13ZXN0MS9mdW5jdGlvbnMvYXByaVBhcnRpdGEqDAib2fTVBhC40u3dATIIbm9kZWpzMjQ6dwojZ2NyLmlvL2dhZS1ydW50aW1lcy9ub2RlanMyNDpzdGFibGUSUGV1cm9wZS13ZXN0MS1kb2NrZXIucGtnLmRldi9zZXJ2ZXJsZXNzLXJ1bnRpbWVzL2dvb2dsZS0yNC1mdWxsL3J1bnRpbWVzL25vZGVqczI0QAE=","serviceAccount":"projects/pokemonsuite-didi-lu/serviceAccounts/707115539525-compute@developer.gserviceaccount.com","automaticUpdatePolicy":{}},"serviceConfig":{"service":"projects/pokemonsuite-didi-lu/locations/europe-west1/services/prontopartita","timeoutSeconds":60,"environmentVariables":{"CHIAVE_SCELTE":"asfiahirucjaskdjfnkjnkcvjenjkrn2i3443jn49unfejk23j498","FIREBASE_CONFIG":"{\"projectId\":\"pokemonsuite-didi-lu\",\"databaseURL\":\"https://pokemonsuite-didi-lu-default-rtdb.europe-west1.firebasedatabase.app\",\"storageBucket\":\"pokemonsuite-didi-lu.firebasestorage.app\"}","GCLOUD_PROJECT":"pokemonsuite-didi-lu","EVENTARC_CLOUD_EVENT_SOURCE":"projects/pokemonsuite-didi-lu/locations/europe-west1/services/prontoPartita","FUNCTION_REGION":"europe-west1","FUNCTION_TARGET":"prontoPartita","LOG_EXECUTION_ID":"true","FUNCTION_SIGNATURE_TYPE":"http"},"ingressSettings":"ALLOW_ALL","serviceAccountEmail":"707115539525-compute@developer.gserviceaccount.com","availableMemory":"512Mi","maxInstanceRequestConcurrency":80,"availableCpu":"1"},"labels":{"deployment-tool":"cli-firebase","deployment-callable":"true","firebase-functions-hash":"96186d4b819aef55c80b001ff2eab1a538b01adc"},"environment":"GEN_2"},"stages":[{"name":"BUILD","message":"Reusing build","state":"COMPLETE","resource":"projects/707115539525/locations/europe-west1/builds/c76c26c1-da52-4afe-95ff-b8a17c052726"},{"name":"SERVICE","state":"NOT_STARTED"}],"sourceToken":"Clhwcm9qZWN0cy83MDcxMTU1Mzk1MjUvbG9jYXRpb25zL2V1cm9wZS13ZXN0MS9idWlsZHMvYzc2YzI2YzEtZGE1Mi00YWZlLTk1ZmYtYjhhMTdjMDUyNzI2EnxldXJvcGUtd2VzdDEtZG9ja2VyLnBrZy5kZXYvcG9rZW1vbnN1aXRlLWRpZGktbHUvZ2NmLWFydGlmYWN0cy9wb2tlbW9uc3VpdGUtLWRpZGktLWx1X19ldXJvcGUtLXdlc3QxX19hcHJpX3BhcnRpdGE6dmVyc2lvbl8xGMW4+5rKFCJKcHJvamVjdHMvcG9rZW1vbnN1aXRlLWRpZGktbHUvbG9jYXRpb25zL2V1cm9wZS13ZXN0MS9mdW5jdGlvbnMvYXByaVBhcnRpdGEqDAib2fTVBhC40u3dATIIbm9kZWpzMjQ6dwojZ2NyLmlvL2dhZS1ydW50aW1lcy9ub2RlanMyNDpzdGFibGUSUGV1cm9wZS13ZXN0MS1kb2NrZXIucGtnLmRldi9zZXJ2ZXJsZXNzLXJ1bnRpbWVzL2dvb2dsZS0yNC1mdWxsL3J1bnRpbWVzL25vZGVqczI0QAE=","operationType":"CREATE_FUNCTION","buildName":"projects/707115539525/locations/europe-west1/builds/c76c26c1-da52-4afe-95ff-b8a17c052726"},"done":false}
[debug] [2026-09-30T15:37:03.337Z] Got source token Clhwcm9qZWN0cy83MDcxMTU1Mzk1MjUvbG9jYXRpb25zL2V1cm9wZS13ZXN0MS9idWlsZHMvYzc2YzI2YzEtZGE1Mi00YWZlLTk1ZmYtYjhhMTdjMDUyNzI2EnxldXJvcGUtd2VzdDEtZG9ja2VyLnBrZy5kZXYvcG9rZW1vbnN1aXRlLWRpZGktbHUvZ2NmLWFydGlmYWN0cy9wb2tlbW9uc3VpdGUtLWRpZGktLWx1X19ldXJvcGUtLXdlc3QxX19hcHJpX3BhcnRpdGE6dmVyc2lvbl8xGMW4+5rKFCJKcHJvamVjdHMvcG9rZW1vbnN1aXRlLWRpZGktbHUvbG9jYXRpb25zL2V1cm9wZS13ZXN0MS9mdW5jdGlvbnMvYXByaVBhcnRpdGEqDAib2fTVBhC40u3dATIIbm9kZWpzMjQ6dwojZ2NyLmlvL2dhZS1ydW50aW1lcy9ub2RlanMyNDpzdGFibGUSUGV1cm9wZS13ZXN0MS1kb2NrZXIucGtnLmRldi9zZXJ2ZXJsZXNzLXJ1bnRpbWVzL2dvb2dsZS0yNC1mdWxsL3J1bnRpbWVzL25vZGVqczI0QAE= for region europe-west1
[debug] [2026-09-30T15:37:03.365Z] [create-default-europe-west1-inviaScelta] Retrying task index 0
[debug] [2026-09-30T15:37:03.365Z] Checked if tokens are valid: true, expires at: 1790785655648
[debug] [2026-09-30T15:37:03.365Z] Checked if tokens are valid: true, expires at: 1790785655648
[debug] [2026-09-30T15:37:03.365Z] >>> [apiv2][query] GET https://cloudfunctions.googleapis.com/v2/projects/pokemonsuite-didi-lu/locations/europe-west1/operations/operation-1790782622078-65cb5120f16a2-1f5fc19b-c33fc14d [none]
[debug] [2026-09-30T15:37:03.458Z] <<< [apiv2][status] GET https://cloudfunctions.googleapis.com/v2/projects/pokemonsuite-didi-lu/locations/europe-west1/operations/operation-1790782622078-65cb5120f16a2-1f5fc19b-c33fc14d 200
[debug] [2026-09-30T15:37:03.458Z] <<< [apiv2][body] GET https://cloudfunctions.googleapis.com/v2/projects/pokemonsuite-didi-lu/locations/europe-west1/operations/operation-1790782622078-65cb5120f16a2-1f5fc19b-c33fc14d {"name":"projects/pokemonsuite-didi-lu/locations/europe-west1/operations/operation-1790782622078-65cb5120f16a2-1f5fc19b-c33fc14d","metadata":{"@type":"type.googleapis.com/google.cloud.functions.v2.OperationMetadata","createTime":"2026-09-30T15:37:02.749667462Z","target":"projects/pokemonsuite-didi-lu/locations/europe-west1/functions/inviaScelta","verb":"create","cancelRequested":false,"apiVersion":"v2","requestResource":{"@type":"type.googleapis.com/google.cloud.functions.v2.Function","name":"projects/pokemonsuite-didi-lu/locations/europe-west1/functions/inviaScelta","buildConfig":{"runtime":"nodejs24","entryPoint":"inviaScelta","source":{"storageSource":{"bucket":"gcf-v2-sources-707115539525-europe-west1","object":"inviaScelta/function-source.zip","generation":"1790782622332365"}},"environmentVariables":{"GOOGLE_NODE_RUN_SCRIPTS":""},"sourceToken":"Clhwcm9qZWN0cy83MDcxMTU1Mzk1MjUvbG9jYXRpb25zL2V1cm9wZS13ZXN0MS9idWlsZHMvYzc2YzI2YzEtZGE1Mi00YWZlLTk1ZmYtYjhhMTdjMDUyNzI2EnxldXJvcGUtd2VzdDEtZG9ja2VyLnBrZy5kZXYvcG9rZW1vbnN1aXRlLWRpZGktbHUvZ2NmLWFydGlmYWN0cy9wb2tlbW9uc3VpdGUtLWRpZGktLWx1X19ldXJvcGUtLXdlc3QxX19hcHJpX3BhcnRpdGE6dmVyc2lvbl8xGMW4+5rKFCJKcHJvamVjdHMvcG9rZW1vbnN1aXRlLWRpZGktbHUvbG9jYXRpb25zL2V1cm9wZS13ZXN0MS9mdW5jdGlvbnMvYXByaVBhcnRpdGEqDAib2fTVBhC40u3dATIIbm9kZWpzMjQ6dwojZ2NyLmlvL2dhZS1ydW50aW1lcy9ub2RlanMyNDpzdGFibGUSUGV1cm9wZS13ZXN0MS1kb2NrZXIucGtnLmRldi9zZXJ2ZXJsZXNzLXJ1bnRpbWVzL2dvb2dsZS0yNC1mdWxsL3J1bnRpbWVzL25vZGVqczI0QAE=","serviceAccount":"projects/pokemonsuite-didi-lu/serviceAccounts/707115539525-compute@developer.gserviceaccount.com","automaticUpdatePolicy":{}},"serviceConfig":{"service":"projects/pokemonsuite-didi-lu/locations/europe-west1/services/inviascelta","timeoutSeconds":60,"environmentVariables":{"CHIAVE_SCELTE":"asfiahirucjaskdjfnkjnkcvjenjkrn2i3443jn49unfejk23j498","FIREBASE_CONFIG":"{\"projectId\":\"pokemonsuite-didi-lu\",\"databaseURL\":\"https://pokemonsuite-didi-lu-default-rtdb.europe-west1.firebasedatabase.app\",\"storageBucket\":\"pokemonsuite-didi-lu.firebasestorage.app\"}","GCLOUD_PROJECT":"pokemonsuite-didi-lu","EVENTARC_CLOUD_EVENT_SOURCE":"projects/pokemonsuite-didi-lu/locations/europe-west1/services/inviaScelta","FUNCTION_REGION":"europe-west1","FUNCTION_TARGET":"inviaScelta","LOG_EXECUTION_ID":"true","FUNCTION_SIGNATURE_TYPE":"http"},"ingressSettings":"ALLOW_ALL","serviceAccountEmail":"707115539525-compute@developer.gserviceaccount.com","availableMemory":"512Mi","maxInstanceRequestConcurrency":80,"availableCpu":"1"},"labels":{"deployment-tool":"cli-firebase","deployment-callable":"true","firebase-functions-hash":"96186d4b819aef55c80b001ff2eab1a538b01adc"},"environment":"GEN_2"},"stages":[{"name":"BUILD","message":"Reusing build","state":"COMPLETE","resource":"projects/707115539525/locations/europe-west1/builds/c76c26c1-da52-4afe-95ff-b8a17c052726"},{"name":"SERVICE","state":"NOT_STARTED"}],"sourceToken":"Clhwcm9qZWN0cy83MDcxMTU1Mzk1MjUvbG9jYXRpb25zL2V1cm9wZS13ZXN0MS9idWlsZHMvYzc2YzI2YzEtZGE1Mi00YWZlLTk1ZmYtYjhhMTdjMDUyNzI2EnxldXJvcGUtd2VzdDEtZG9ja2VyLnBrZy5kZXYvcG9rZW1vbnN1aXRlLWRpZGktbHUvZ2NmLWFydGlmYWN0cy9wb2tlbW9uc3VpdGUtLWRpZGktLWx1X19ldXJvcGUtLXdlc3QxX19hcHJpX3BhcnRpdGE6dmVyc2lvbl8xGMW4+5rKFCJKcHJvamVjdHMvcG9rZW1vbnN1aXRlLWRpZGktbHUvbG9jYXRpb25zL2V1cm9wZS13ZXN0MS9mdW5jdGlvbnMvYXByaVBhcnRpdGEqDAib2fTVBhC40u3dATIIbm9kZWpzMjQ6dwojZ2NyLmlvL2dhZS1ydW50aW1lcy9ub2RlanMyNDpzdGFibGUSUGV1cm9wZS13ZXN0MS1kb2NrZXIucGtnLmRldi9zZXJ2ZXJsZXNzLXJ1bnRpbWVzL2dvb2dsZS0yNC1mdWxsL3J1bnRpbWVzL25vZGVqczI0QAE=","operationType":"CREATE_FUNCTION","buildName":"projects/707115539525/locations/europe-west1/builds/c76c26c1-da52-4afe-95ff-b8a17c052726"},"done":false}
[debug] [2026-09-30T15:37:03.458Z] Got source token Clhwcm9qZWN0cy83MDcxMTU1Mzk1MjUvbG9jYXRpb25zL2V1cm9wZS13ZXN0MS9idWlsZHMvYzc2YzI2YzEtZGE1Mi00YWZlLTk1ZmYtYjhhMTdjMDUyNzI2EnxldXJvcGUtd2VzdDEtZG9ja2VyLnBrZy5kZXYvcG9rZW1vbnN1aXRlLWRpZGktbHUvZ2NmLWFydGlmYWN0cy9wb2tlbW9uc3VpdGUtLWRpZGktLWx1X19ldXJvcGUtLXdlc3QxX19hcHJpX3BhcnRpdGE6dmVyc2lvbl8xGMW4+5rKFCJKcHJvamVjdHMvcG9rZW1vbnN1aXRlLWRpZGktbHUvbG9jYXRpb25zL2V1cm9wZS13ZXN0MS9mdW5jdGlvbnMvYXByaVBhcnRpdGEqDAib2fTVBhC40u3dATIIbm9kZWpzMjQ6dwojZ2NyLmlvL2dhZS1ydW50aW1lcy9ub2RlanMyNDpzdGFibGUSUGV1cm9wZS13ZXN0MS1kb2NrZXIucGtnLmRldi9zZXJ2ZXJsZXNzLXJ1bnRpbWVzL2dvb2dsZS0yNC1mdWxsL3J1bnRpbWVzL25vZGVqczI0QAE= for region europe-west1
[debug] [2026-09-30T15:37:04.338Z] [create-default-europe-west1-prontoPartita] Retrying task index 0
[debug] [2026-09-30T15:37:04.338Z] Checked if tokens are valid: true, expires at: 1790785655648
[debug] [2026-09-30T15:37:04.338Z] Checked if tokens are valid: true, expires at: 1790785655648
[debug] [2026-09-30T15:37:04.338Z] >>> [apiv2][query] GET https://cloudfunctions.googleapis.com/v2/projects/pokemonsuite-didi-lu/locations/europe-west1/operations/operation-1790782621982-65cb5120d9e76-4663c913-f1c53c72 [none]
[debug] [2026-09-30T15:37:04.441Z] <<< [apiv2][status] GET https://cloudfunctions.googleapis.com/v2/projects/pokemonsuite-didi-lu/locations/europe-west1/operations/operation-1790782621982-65cb5120d9e76-4663c913-f1c53c72 200
[debug] [2026-09-30T15:37:04.441Z] <<< [apiv2][body] GET https://cloudfunctions.googleapis.com/v2/projects/pokemonsuite-didi-lu/locations/europe-west1/operations/operation-1790782621982-65cb5120d9e76-4663c913-f1c53c72 {"name":"projects/pokemonsuite-didi-lu/locations/europe-west1/operations/operation-1790782621982-65cb5120d9e76-4663c913-f1c53c72","metadata":{"@type":"type.googleapis.com/google.cloud.functions.v2.OperationMetadata","createTime":"2026-09-30T15:37:02.614326467Z","target":"projects/pokemonsuite-didi-lu/locations/europe-west1/functions/prontoPartita","verb":"create","cancelRequested":false,"apiVersion":"v2","requestResource":{"@type":"type.googleapis.com/google.cloud.functions.v2.Function","name":"projects/pokemonsuite-didi-lu/locations/europe-west1/functions/prontoPartita","buildConfig":{"runtime":"nodejs24","entryPoint":"prontoPartita","source":{"storageSource":{"bucket":"gcf-v2-sources-707115539525-europe-west1","object":"prontoPartita/function-source.zip","generation":"1790782622213908"}},"environmentVariables":{"GOOGLE_NODE_RUN_SCRIPTS":""},"sourceToken":"Clhwcm9qZWN0cy83MDcxMTU1Mzk1MjUvbG9jYXRpb25zL2V1cm9wZS13ZXN0MS9idWlsZHMvYzc2YzI2YzEtZGE1Mi00YWZlLTk1ZmYtYjhhMTdjMDUyNzI2EnxldXJvcGUtd2VzdDEtZG9ja2VyLnBrZy5kZXYvcG9rZW1vbnN1aXRlLWRpZGktbHUvZ2NmLWFydGlmYWN0cy9wb2tlbW9uc3VpdGUtLWRpZGktLWx1X19ldXJvcGUtLXdlc3QxX19hcHJpX3BhcnRpdGE6dmVyc2lvbl8xGMW4+5rKFCJKcHJvamVjdHMvcG9rZW1vbnN1aXRlLWRpZGktbHUvbG9jYXRpb25zL2V1cm9wZS13ZXN0MS9mdW5jdGlvbnMvYXByaVBhcnRpdGEqDAib2fTVBhC40u3dATIIbm9kZWpzMjQ6dwojZ2NyLmlvL2dhZS1ydW50aW1lcy9ub2RlanMyNDpzdGFibGUSUGV1cm9wZS13ZXN0MS1kb2NrZXIucGtnLmRldi9zZXJ2ZXJsZXNzLXJ1bnRpbWVzL2dvb2dsZS0yNC1mdWxsL3J1bnRpbWVzL25vZGVqczI0QAE=","serviceAccount":"projects/pokemonsuite-didi-lu/serviceAccounts/707115539525-compute@developer.gserviceaccount.com","automaticUpdatePolicy":{}},"serviceConfig":{"service":"projects/pokemonsuite-didi-lu/locations/europe-west1/services/prontopartita","timeoutSeconds":60,"environmentVariables":{"CHIAVE_SCELTE":"asfiahirucjaskdjfnkjnkcvjenjkrn2i3443jn49unfejk23j498","FIREBASE_CONFIG":"{\"projectId\":\"pokemonsuite-didi-lu\",\"databaseURL\":\"https://pokemonsuite-didi-lu-default-rtdb.europe-west1.firebasedatabase.app\",\"storageBucket\":\"pokemonsuite-didi-lu.firebasestorage.app\"}","GCLOUD_PROJECT":"pokemonsuite-didi-lu","EVENTARC_CLOUD_EVENT_SOURCE":"projects/pokemonsuite-didi-lu/locations/europe-west1/services/prontoPartita","FUNCTION_REGION":"europe-west1","FUNCTION_TARGET":"prontoPartita","LOG_EXECUTION_ID":"true","FUNCTION_SIGNATURE_TYPE":"http"},"ingressSettings":"ALLOW_ALL","serviceAccountEmail":"707115539525-compute@developer.gserviceaccount.com","availableMemory":"512Mi","maxInstanceRequestConcurrency":80,"availableCpu":"1"},"labels":{"deployment-tool":"cli-firebase","deployment-callable":"true","firebase-functions-hash":"96186d4b819aef55c80b001ff2eab1a538b01adc"},"environment":"GEN_2"},"stages":[{"name":"BUILD","message":"Reusing build","state":"COMPLETE","resource":"projects/707115539525/locations/europe-west1/builds/c76c26c1-da52-4afe-95ff-b8a17c052726"},{"name":"SERVICE","message":"Creating Cloud Run service","state":"IN_PROGRESS","resource":"projects/pokemonsuite-didi-lu/locations/europe-west1/services/prontopartita","resourceUri":"https://console.cloud.google.com/run/detail/europe-west1/prontopartita?project=pokemonsuite-didi-lu"}],"sourceToken":"Clhwcm9qZWN0cy83MDcxMTU1Mzk1MjUvbG9jYXRpb25zL2V1cm9wZS13ZXN0MS9idWlsZHMvYzc2YzI2YzEtZGE1Mi00YWZlLTk1ZmYtYjhhMTdjMDUyNzI2EnxldXJvcGUtd2VzdDEtZG9ja2VyLnBrZy5kZXYvcG9rZW1vbnN1aXRlLWRpZGktbHUvZ2NmLWFydGlmYWN0cy9wb2tlbW9uc3VpdGUtLWRpZGktLWx1X19ldXJvcGUtLXdlc3QxX19hcHJpX3BhcnRpdGE6dmVyc2lvbl8xGMW4+5rKFCJKcHJvamVjdHMvcG9rZW1vbnN1aXRlLWRpZGktbHUvbG9jYXRpb25zL2V1cm9wZS13ZXN0MS9mdW5jdGlvbnMvYXByaVBhcnRpdGEqDAib2fTVBhC40u3dATIIbm9kZWpzMjQ6dwojZ2NyLmlvL2dhZS1ydW50aW1lcy9ub2RlanMyNDpzdGFibGUSUGV1cm9wZS13ZXN0MS1kb2NrZXIucGtnLmRldi9zZXJ2ZXJsZXNzLXJ1bnRpbWVzL2dvb2dsZS0yNC1mdWxsL3J1bnRpbWVzL25vZGVqczI0QAE=","operationType":"CREATE_FUNCTION","buildName":"projects/707115539525/locations/europe-west1/builds/c76c26c1-da52-4afe-95ff-b8a17c052726"},"done":false}
[debug] [2026-09-30T15:37:04.441Z] Got source token Clhwcm9qZWN0cy83MDcxMTU1Mzk1MjUvbG9jYXRpb25zL2V1cm9wZS13ZXN0MS9idWlsZHMvYzc2YzI2YzEtZGE1Mi00YWZlLTk1ZmYtYjhhMTdjMDUyNzI2EnxldXJvcGUtd2VzdDEtZG9ja2VyLnBrZy5kZXYvcG9rZW1vbnN1aXRlLWRpZGktbHUvZ2NmLWFydGlmYWN0cy9wb2tlbW9uc3VpdGUtLWRpZGktLWx1X19ldXJvcGUtLXdlc3QxX19hcHJpX3BhcnRpdGE6dmVyc2lvbl8xGMW4+5rKFCJKcHJvamVjdHMvcG9rZW1vbnN1aXRlLWRpZGktbHUvbG9jYXRpb25zL2V1cm9wZS13ZXN0MS9mdW5jdGlvbnMvYXByaVBhcnRpdGEqDAib2fTVBhC40u3dATIIbm9kZWpzMjQ6dwojZ2NyLmlvL2dhZS1ydW50aW1lcy9ub2RlanMyNDpzdGFibGUSUGV1cm9wZS13ZXN0MS1kb2NrZXIucGtnLmRldi9zZXJ2ZXJsZXNzLXJ1bnRpbWVzL2dvb2dsZS0yNC1mdWxsL3J1bnRpbWVzL25vZGVqczI0QAE= for region europe-west1
[debug] [2026-09-30T15:37:04.459Z] [create-default-europe-west1-inviaScelta] Retrying task index 0
[debug] [2026-09-30T15:37:04.459Z] Checked if tokens are valid: true, expires at: 1790785655648
[debug] [2026-09-30T15:37:04.460Z] Checked if tokens are valid: true, expires at: 1790785655648
[debug] [2026-09-30T15:37:04.460Z] >>> [apiv2][query] GET https://cloudfunctions.googleapis.com/v2/projects/pokemonsuite-didi-lu/locations/europe-west1/operations/operation-1790782622078-65cb5120f16a2-1f5fc19b-c33fc14d [none]
[debug] [2026-09-30T15:37:04.512Z] <<< [apiv2][status] GET https://cloudfunctions.googleapis.com/v2/projects/pokemonsuite-didi-lu/locations/europe-west1/operations/operation-1790782622078-65cb5120f16a2-1f5fc19b-c33fc14d 200
[debug] [2026-09-30T15:37:04.512Z] <<< [apiv2][body] GET https://cloudfunctions.googleapis.com/v2/projects/pokemonsuite-didi-lu/locations/europe-west1/operations/operation-1790782622078-65cb5120f16a2-1f5fc19b-c33fc14d {"name":"projects/pokemonsuite-didi-lu/locations/europe-west1/operations/operation-1790782622078-65cb5120f16a2-1f5fc19b-c33fc14d","metadata":{"@type":"type.googleapis.com/google.cloud.functions.v2.OperationMetadata","createTime":"2026-09-30T15:37:02.749667462Z","target":"projects/pokemonsuite-didi-lu/locations/europe-west1/functions/inviaScelta","verb":"create","cancelRequested":false,"apiVersion":"v2","requestResource":{"@type":"type.googleapis.com/google.cloud.functions.v2.Function","name":"projects/pokemonsuite-didi-lu/locations/europe-west1/functions/inviaScelta","buildConfig":{"runtime":"nodejs24","entryPoint":"inviaScelta","source":{"storageSource":{"bucket":"gcf-v2-sources-707115539525-europe-west1","object":"inviaScelta/function-source.zip","generation":"1790782622332365"}},"environmentVariables":{"GOOGLE_NODE_RUN_SCRIPTS":""},"sourceToken":"Clhwcm9qZWN0cy83MDcxMTU1Mzk1MjUvbG9jYXRpb25zL2V1cm9wZS13ZXN0MS9idWlsZHMvYzc2YzI2YzEtZGE1Mi00YWZlLTk1ZmYtYjhhMTdjMDUyNzI2EnxldXJvcGUtd2VzdDEtZG9ja2VyLnBrZy5kZXYvcG9rZW1vbnN1aXRlLWRpZGktbHUvZ2NmLWFydGlmYWN0cy9wb2tlbW9uc3VpdGUtLWRpZGktLWx1X19ldXJvcGUtLXdlc3QxX19hcHJpX3BhcnRpdGE6dmVyc2lvbl8xGMW4+5rKFCJKcHJvamVjdHMvcG9rZW1vbnN1aXRlLWRpZGktbHUvbG9jYXRpb25zL2V1cm9wZS13ZXN0MS9mdW5jdGlvbnMvYXByaVBhcnRpdGEqDAib2fTVBhC40u3dATIIbm9kZWpzMjQ6dwojZ2NyLmlvL2dhZS1ydW50aW1lcy9ub2RlanMyNDpzdGFibGUSUGV1cm9wZS13ZXN0MS1kb2NrZXIucGtnLmRldi9zZXJ2ZXJsZXNzLXJ1bnRpbWVzL2dvb2dsZS0yNC1mdWxsL3J1bnRpbWVzL25vZGVqczI0QAE=","serviceAccount":"projects/pokemonsuite-didi-lu/serviceAccounts/707115539525-compute@developer.gserviceaccount.com","automaticUpdatePolicy":{}},"serviceConfig":{"service":"projects/pokemonsuite-didi-lu/locations/europe-west1/services/inviascelta","timeoutSeconds":60,"environmentVariables":{"CHIAVE_SCELTE":"asfiahirucjaskdjfnkjnkcvjenjkrn2i3443jn49unfejk23j498","FIREBASE_CONFIG":"{\"projectId\":\"pokemonsuite-didi-lu\",\"databaseURL\":\"https://pokemonsuite-didi-lu-default-rtdb.europe-west1.firebasedatabase.app\",\"storageBucket\":\"pokemonsuite-didi-lu.firebasestorage.app\"}","GCLOUD_PROJECT":"pokemonsuite-didi-lu","EVENTARC_CLOUD_EVENT_SOURCE":"projects/pokemonsuite-didi-lu/locations/europe-west1/services/inviaScelta","FUNCTION_REGION":"europe-west1","FUNCTION_TARGET":"inviaScelta","LOG_EXECUTION_ID":"true","FUNCTION_SIGNATURE_TYPE":"http"},"ingressSettings":"ALLOW_ALL","serviceAccountEmail":"707115539525-compute@developer.gserviceaccount.com","availableMemory":"512Mi","maxInstanceRequestConcurrency":80,"availableCpu":"1"},"labels":{"deployment-tool":"cli-firebase","deployment-callable":"true","firebase-functions-hash":"96186d4b819aef55c80b001ff2eab1a538b01adc"},"environment":"GEN_2"},"stages":[{"name":"BUILD","message":"Reusing build","state":"COMPLETE","resource":"projects/707115539525/locations/europe-west1/builds/c76c26c1-da52-4afe-95ff-b8a17c052726"},{"name":"SERVICE","message":"Creating Cloud Run service","state":"IN_PROGRESS","resource":"projects/pokemonsuite-didi-lu/locations/europe-west1/services/inviascelta","resourceUri":"https://console.cloud.google.com/run/detail/europe-west1/inviascelta?project=pokemonsuite-didi-lu"}],"sourceToken":"Clhwcm9qZWN0cy83MDcxMTU1Mzk1MjUvbG9jYXRpb25zL2V1cm9wZS13ZXN0MS9idWlsZHMvYzc2YzI2YzEtZGE1Mi00YWZlLTk1ZmYtYjhhMTdjMDUyNzI2EnxldXJvcGUtd2VzdDEtZG9ja2VyLnBrZy5kZXYvcG9rZW1vbnN1aXRlLWRpZGktbHUvZ2NmLWFydGlmYWN0cy9wb2tlbW9uc3VpdGUtLWRpZGktLWx1X19ldXJvcGUtLXdlc3QxX19hcHJpX3BhcnRpdGE6dmVyc2lvbl8xGMW4+5rKFCJKcHJvamVjdHMvcG9rZW1vbnN1aXRlLWRpZGktbHUvbG9jYXRpb25zL2V1cm9wZS13ZXN0MS9mdW5jdGlvbnMvYXByaVBhcnRpdGEqDAib2fTVBhC40u3dATIIbm9kZWpzMjQ6dwojZ2NyLmlvL2dhZS1ydW50aW1lcy9ub2RlanMyNDpzdGFibGUSUGV1cm9wZS13ZXN0MS1kb2NrZXIucGtnLmRldi9zZXJ2ZXJsZXNzLXJ1bnRpbWVzL2dvb2dsZS0yNC1mdWxsL3J1bnRpbWVzL25vZGVqczI0QAE=","operationType":"CREATE_FUNCTION","buildName":"projects/707115539525/locations/europe-west1/builds/c76c26c1-da52-4afe-95ff-b8a17c052726"},"done":false}
[debug] [2026-09-30T15:37:04.512Z] Got source token Clhwcm9qZWN0cy83MDcxMTU1Mzk1MjUvbG9jYXRpb25zL2V1cm9wZS13ZXN0MS9idWlsZHMvYzc2YzI2YzEtZGE1Mi00YWZlLTk1ZmYtYjhhMTdjMDUyNzI2EnxldXJvcGUtd2VzdDEtZG9ja2VyLnBrZy5kZXYvcG9rZW1vbnN1aXRlLWRpZGktbHUvZ2NmLWFydGlmYWN0cy9wb2tlbW9uc3VpdGUtLWRpZGktLWx1X19ldXJvcGUtLXdlc3QxX19hcHJpX3BhcnRpdGE6dmVyc2lvbl8xGMW4+5rKFCJKcHJvamVjdHMvcG9rZW1vbnN1aXRlLWRpZGktbHUvbG9jYXRpb25zL2V1cm9wZS13ZXN0MS9mdW5jdGlvbnMvYXByaVBhcnRpdGEqDAib2fTVBhC40u3dATIIbm9kZWpzMjQ6dwojZ2NyLmlvL2dhZS1ydW50aW1lcy9ub2RlanMyNDpzdGFibGUSUGV1cm9wZS13ZXN0MS1kb2NrZXIucGtnLmRldi9zZXJ2ZXJsZXNzLXJ1bnRpbWVzL2dvb2dsZS0yNC1mdWxsL3J1bnRpbWVzL25vZGVqczI0QAE= for region europe-west1
[debug] [2026-09-30T15:37:06.442Z] [create-default-europe-west1-prontoPartita] Retrying task index 0
[debug] [2026-09-30T15:37:06.443Z] Checked if tokens are valid: true, expires at: 1790785655648
[debug] [2026-09-30T15:37:06.444Z] Checked if tokens are valid: true, expires at: 1790785655648
[debug] [2026-09-30T15:37:06.444Z] >>> [apiv2][query] GET https://cloudfunctions.googleapis.com/v2/projects/pokemonsuite-didi-lu/locations/europe-west1/operations/operation-1790782621982-65cb5120d9e76-4663c913-f1c53c72 [none]
[debug] [2026-09-30T15:37:06.513Z] [create-default-europe-west1-inviaScelta] Retrying task index 0
[debug] [2026-09-30T15:37:06.513Z] Checked if tokens are valid: true, expires at: 1790785655648
[debug] [2026-09-30T15:37:06.513Z] Checked if tokens are valid: true, expires at: 1790785655648
[debug] [2026-09-30T15:37:06.513Z] >>> [apiv2][query] GET https://cloudfunctions.googleapis.com/v2/projects/pokemonsuite-didi-lu/locations/europe-west1/operations/operation-1790782622078-65cb5120f16a2-1f5fc19b-c33fc14d [none]
[debug] [2026-09-30T15:37:06.547Z] <<< [apiv2][status] GET https://cloudfunctions.googleapis.com/v2/projects/pokemonsuite-didi-lu/locations/europe-west1/operations/operation-1790782621982-65cb5120d9e76-4663c913-f1c53c72 200
[debug] [2026-09-30T15:37:06.548Z] <<< [apiv2][body] GET https://cloudfunctions.googleapis.com/v2/projects/pokemonsuite-didi-lu/locations/europe-west1/operations/operation-1790782621982-65cb5120d9e76-4663c913-f1c53c72 {"name":"projects/pokemonsuite-didi-lu/locations/europe-west1/operations/operation-1790782621982-65cb5120d9e76-4663c913-f1c53c72","metadata":{"@type":"type.googleapis.com/google.cloud.functions.v2.OperationMetadata","createTime":"2026-09-30T15:37:02.614326467Z","target":"projects/pokemonsuite-didi-lu/locations/europe-west1/functions/prontoPartita","verb":"create","cancelRequested":false,"apiVersion":"v2","requestResource":{"@type":"type.googleapis.com/google.cloud.functions.v2.Function","name":"projects/pokemonsuite-didi-lu/locations/europe-west1/functions/prontoPartita","buildConfig":{"runtime":"nodejs24","entryPoint":"prontoPartita","source":{"storageSource":{"bucket":"gcf-v2-sources-707115539525-europe-west1","object":"prontoPartita/function-source.zip","generation":"1790782622213908"}},"environmentVariables":{"GOOGLE_NODE_RUN_SCRIPTS":""},"sourceToken":"Clhwcm9qZWN0cy83MDcxMTU1Mzk1MjUvbG9jYXRpb25zL2V1cm9wZS13ZXN0MS9idWlsZHMvYzc2YzI2YzEtZGE1Mi00YWZlLTk1ZmYtYjhhMTdjMDUyNzI2EnxldXJvcGUtd2VzdDEtZG9ja2VyLnBrZy5kZXYvcG9rZW1vbnN1aXRlLWRpZGktbHUvZ2NmLWFydGlmYWN0cy9wb2tlbW9uc3VpdGUtLWRpZGktLWx1X19ldXJvcGUtLXdlc3QxX19hcHJpX3BhcnRpdGE6dmVyc2lvbl8xGMW4+5rKFCJKcHJvamVjdHMvcG9rZW1vbnN1aXRlLWRpZGktbHUvbG9jYXRpb25zL2V1cm9wZS13ZXN0MS9mdW5jdGlvbnMvYXByaVBhcnRpdGEqDAib2fTVBhC40u3dATIIbm9kZWpzMjQ6dwojZ2NyLmlvL2dhZS1ydW50aW1lcy9ub2RlanMyNDpzdGFibGUSUGV1cm9wZS13ZXN0MS1kb2NrZXIucGtnLmRldi9zZXJ2ZXJsZXNzLXJ1bnRpbWVzL2dvb2dsZS0yNC1mdWxsL3J1bnRpbWVzL25vZGVqczI0QAE=","serviceAccount":"projects/pokemonsuite-didi-lu/serviceAccounts/707115539525-compute@developer.gserviceaccount.com","automaticUpdatePolicy":{}},"serviceConfig":{"service":"projects/pokemonsuite-didi-lu/locations/europe-west1/services/prontopartita","timeoutSeconds":60,"environmentVariables":{"CHIAVE_SCELTE":"asfiahirucjaskdjfnkjnkcvjenjkrn2i3443jn49unfejk23j498","FIREBASE_CONFIG":"{\"projectId\":\"pokemonsuite-didi-lu\",\"databaseURL\":\"https://pokemonsuite-didi-lu-default-rtdb.europe-west1.firebasedatabase.app\",\"storageBucket\":\"pokemonsuite-didi-lu.firebasestorage.app\"}","GCLOUD_PROJECT":"pokemonsuite-didi-lu","EVENTARC_CLOUD_EVENT_SOURCE":"projects/pokemonsuite-didi-lu/locations/europe-west1/services/prontoPartita","FUNCTION_REGION":"europe-west1","FUNCTION_TARGET":"prontoPartita","LOG_EXECUTION_ID":"true","FUNCTION_SIGNATURE_TYPE":"http"},"ingressSettings":"ALLOW_ALL","serviceAccountEmail":"707115539525-compute@developer.gserviceaccount.com","availableMemory":"512Mi","maxInstanceRequestConcurrency":80,"availableCpu":"1"},"labels":{"deployment-tool":"cli-firebase","deployment-callable":"true","firebase-functions-hash":"96186d4b819aef55c80b001ff2eab1a538b01adc"},"environment":"GEN_2"},"stages":[{"name":"BUILD","message":"Reusing build","state":"COMPLETE","resource":"projects/707115539525/locations/europe-west1/builds/c76c26c1-da52-4afe-95ff-b8a17c052726"},{"name":"SERVICE","message":"Creating Cloud Run service","state":"IN_PROGRESS","resource":"projects/pokemonsuite-didi-lu/locations/europe-west1/services/prontopartita","resourceUri":"https://console.cloud.google.com/run/detail/europe-west1/prontopartita?project=pokemonsuite-didi-lu"}],"sourceToken":"Clhwcm9qZWN0cy83MDcxMTU1Mzk1MjUvbG9jYXRpb25zL2V1cm9wZS13ZXN0MS9idWlsZHMvYzc2YzI2YzEtZGE1Mi00YWZlLTk1ZmYtYjhhMTdjMDUyNzI2EnxldXJvcGUtd2VzdDEtZG9ja2VyLnBrZy5kZXYvcG9rZW1vbnN1aXRlLWRpZGktbHUvZ2NmLWFydGlmYWN0cy9wb2tlbW9uc3VpdGUtLWRpZGktLWx1X19ldXJvcGUtLXdlc3QxX19hcHJpX3BhcnRpdGE6dmVyc2lvbl8xGMW4+5rKFCJKcHJvamVjdHMvcG9rZW1vbnN1aXRlLWRpZGktbHUvbG9jYXRpb25zL2V1cm9wZS13ZXN0MS9mdW5jdGlvbnMvYXByaVBhcnRpdGEqDAib2fTVBhC40u3dATIIbm9kZWpzMjQ6dwojZ2NyLmlvL2dhZS1ydW50aW1lcy9ub2RlanMyNDpzdGFibGUSUGV1cm9wZS13ZXN0MS1kb2NrZXIucGtnLmRldi9zZXJ2ZXJsZXNzLXJ1bnRpbWVzL2dvb2dsZS0yNC1mdWxsL3J1bnRpbWVzL25vZGVqczI0QAE=","operationType":"CREATE_FUNCTION","buildName":"projects/707115539525/locations/europe-west1/builds/c76c26c1-da52-4afe-95ff-b8a17c052726"},"done":false}
[debug] [2026-09-30T15:37:06.549Z] Got source token Clhwcm9qZWN0cy83MDcxMTU1Mzk1MjUvbG9jYXRpb25zL2V1cm9wZS13ZXN0MS9idWlsZHMvYzc2YzI2YzEtZGE1Mi00YWZlLTk1ZmYtYjhhMTdjMDUyNzI2EnxldXJvcGUtd2VzdDEtZG9ja2VyLnBrZy5kZXYvcG9rZW1vbnN1aXRlLWRpZGktbHUvZ2NmLWFydGlmYWN0cy9wb2tlbW9uc3VpdGUtLWRpZGktLWx1X19ldXJvcGUtLXdlc3QxX19hcHJpX3BhcnRpdGE6dmVyc2lvbl8xGMW4+5rKFCJKcHJvamVjdHMvcG9rZW1vbnN1aXRlLWRpZGktbHUvbG9jYXRpb25zL2V1cm9wZS13ZXN0MS9mdW5jdGlvbnMvYXByaVBhcnRpdGEqDAib2fTVBhC40u3dATIIbm9kZWpzMjQ6dwojZ2NyLmlvL2dhZS1ydW50aW1lcy9ub2RlanMyNDpzdGFibGUSUGV1cm9wZS13ZXN0MS1kb2NrZXIucGtnLmRldi9zZXJ2ZXJsZXNzLXJ1bnRpbWVzL2dvb2dsZS0yNC1mdWxsL3J1bnRpbWVzL25vZGVqczI0QAE= for region europe-west1
[debug] [2026-09-30T15:37:06.719Z] <<< [apiv2][status] GET https://cloudfunctions.googleapis.com/v2/projects/pokemonsuite-didi-lu/locations/europe-west1/operations/operation-1790782622078-65cb5120f16a2-1f5fc19b-c33fc14d 200
[debug] [2026-09-30T15:37:06.719Z] <<< [apiv2][body] GET https://cloudfunctions.googleapis.com/v2/projects/pokemonsuite-didi-lu/locations/europe-west1/operations/operation-1790782622078-65cb5120f16a2-1f5fc19b-c33fc14d {"name":"projects/pokemonsuite-didi-lu/locations/europe-west1/operations/operation-1790782622078-65cb5120f16a2-1f5fc19b-c33fc14d","metadata":{"@type":"type.googleapis.com/google.cloud.functions.v2.OperationMetadata","createTime":"2026-09-30T15:37:02.749667462Z","target":"projects/pokemonsuite-didi-lu/locations/europe-west1/functions/inviaScelta","verb":"create","cancelRequested":false,"apiVersion":"v2","requestResource":{"@type":"type.googleapis.com/google.cloud.functions.v2.Function","name":"projects/pokemonsuite-didi-lu/locations/europe-west1/functions/inviaScelta","buildConfig":{"runtime":"nodejs24","entryPoint":"inviaScelta","source":{"storageSource":{"bucket":"gcf-v2-sources-707115539525-europe-west1","object":"inviaScelta/function-source.zip","generation":"1790782622332365"}},"environmentVariables":{"GOOGLE_NODE_RUN_SCRIPTS":""},"sourceToken":"Clhwcm9qZWN0cy83MDcxMTU1Mzk1MjUvbG9jYXRpb25zL2V1cm9wZS13ZXN0MS9idWlsZHMvYzc2YzI2YzEtZGE1Mi00YWZlLTk1ZmYtYjhhMTdjMDUyNzI2EnxldXJvcGUtd2VzdDEtZG9ja2VyLnBrZy5kZXYvcG9rZW1vbnN1aXRlLWRpZGktbHUvZ2NmLWFydGlmYWN0cy9wb2tlbW9uc3VpdGUtLWRpZGktLWx1X19ldXJvcGUtLXdlc3QxX19hcHJpX3BhcnRpdGE6dmVyc2lvbl8xGMW4+5rKFCJKcHJvamVjdHMvcG9rZW1vbnN1aXRlLWRpZGktbHUvbG9jYXRpb25zL2V1cm9wZS13ZXN0MS9mdW5jdGlvbnMvYXByaVBhcnRpdGEqDAib2fTVBhC40u3dATIIbm9kZWpzMjQ6dwojZ2NyLmlvL2dhZS1ydW50aW1lcy9ub2RlanMyNDpzdGFibGUSUGV1cm9wZS13ZXN0MS1kb2NrZXIucGtnLmRldi9zZXJ2ZXJsZXNzLXJ1bnRpbWVzL2dvb2dsZS0yNC1mdWxsL3J1bnRpbWVzL25vZGVqczI0QAE=","serviceAccount":"projects/pokemonsuite-didi-lu/serviceAccounts/707115539525-compute@developer.gserviceaccount.com","automaticUpdatePolicy":{}},"serviceConfig":{"service":"projects/pokemonsuite-didi-lu/locations/europe-west1/services/inviascelta","timeoutSeconds":60,"environmentVariables":{"CHIAVE_SCELTE":"asfiahirucjaskdjfnkjnkcvjenjkrn2i3443jn49unfejk23j498","FIREBASE_CONFIG":"{\"projectId\":\"pokemonsuite-didi-lu\",\"databaseURL\":\"https://pokemonsuite-didi-lu-default-rtdb.europe-west1.firebasedatabase.app\",\"storageBucket\":\"pokemonsuite-didi-lu.firebasestorage.app\"}","GCLOUD_PROJECT":"pokemonsuite-didi-lu","EVENTARC_CLOUD_EVENT_SOURCE":"projects/pokemonsuite-didi-lu/locations/europe-west1/services/inviaScelta","FUNCTION_REGION":"europe-west1","FUNCTION_TARGET":"inviaScelta","LOG_EXECUTION_ID":"true","FUNCTION_SIGNATURE_TYPE":"http"},"ingressSettings":"ALLOW_ALL","serviceAccountEmail":"707115539525-compute@developer.gserviceaccount.com","availableMemory":"512Mi","maxInstanceRequestConcurrency":80,"availableCpu":"1"},"labels":{"deployment-tool":"cli-firebase","deployment-callable":"true","firebase-functions-hash":"96186d4b819aef55c80b001ff2eab1a538b01adc"},"environment":"GEN_2"},"stages":[{"name":"BUILD","message":"Reusing build","state":"COMPLETE","resource":"projects/707115539525/locations/europe-west1/builds/c76c26c1-da52-4afe-95ff-b8a17c052726"},{"name":"SERVICE","message":"Creating Cloud Run service","state":"IN_PROGRESS","resource":"projects/pokemonsuite-didi-lu/locations/europe-west1/services/inviascelta","resourceUri":"https://console.cloud.google.com/run/detail/europe-west1/inviascelta?project=pokemonsuite-didi-lu"}],"sourceToken":"Clhwcm9qZWN0cy83MDcxMTU1Mzk1MjUvbG9jYXRpb25zL2V1cm9wZS13ZXN0MS9idWlsZHMvYzc2YzI2YzEtZGE1Mi00YWZlLTk1ZmYtYjhhMTdjMDUyNzI2EnxldXJvcGUtd2VzdDEtZG9ja2VyLnBrZy5kZXYvcG9rZW1vbnN1aXRlLWRpZGktbHUvZ2NmLWFydGlmYWN0cy9wb2tlbW9uc3VpdGUtLWRpZGktLWx1X19ldXJvcGUtLXdlc3QxX19hcHJpX3BhcnRpdGE6dmVyc2lvbl8xGMW4+5rKFCJKcHJvamVjdHMvcG9rZW1vbnN1aXRlLWRpZGktbHUvbG9jYXRpb25zL2V1cm9wZS13ZXN0MS9mdW5jdGlvbnMvYXByaVBhcnRpdGEqDAib2fTVBhC40u3dATIIbm9kZWpzMjQ6dwojZ2NyLmlvL2dhZS1ydW50aW1lcy9ub2RlanMyNDpzdGFibGUSUGV1cm9wZS13ZXN0MS1kb2NrZXIucGtnLmRldi9zZXJ2ZXJsZXNzLXJ1bnRpbWVzL2dvb2dsZS0yNC1mdWxsL3J1bnRpbWVzL25vZGVqczI0QAE=","operationType":"CREATE_FUNCTION","buildName":"projects/707115539525/locations/europe-west1/builds/c76c26c1-da52-4afe-95ff-b8a17c052726"},"done":false}
[debug] [2026-09-30T15:37:06.719Z] Got source token Clhwcm9qZWN0cy83MDcxMTU1Mzk1MjUvbG9jYXRpb25zL2V1cm9wZS13ZXN0MS9idWlsZHMvYzc2YzI2YzEtZGE1Mi00YWZlLTk1ZmYtYjhhMTdjMDUyNzI2EnxldXJvcGUtd2VzdDEtZG9ja2VyLnBrZy5kZXYvcG9rZW1vbnN1aXRlLWRpZGktbHUvZ2NmLWFydGlmYWN0cy9wb2tlbW9uc3VpdGUtLWRpZGktLWx1X19ldXJvcGUtLXdlc3QxX19hcHJpX3BhcnRpdGE6dmVyc2lvbl8xGMW4+5rKFCJKcHJvamVjdHMvcG9rZW1vbnN1aXRlLWRpZGktbHUvbG9jYXRpb25zL2V1cm9wZS13ZXN0MS9mdW5jdGlvbnMvYXByaVBhcnRpdGEqDAib2fTVBhC40u3dATIIbm9kZWpzMjQ6dwojZ2NyLmlvL2dhZS1ydW50aW1lcy9ub2RlanMyNDpzdGFibGUSUGV1cm9wZS13ZXN0MS1kb2NrZXIucGtnLmRldi9zZXJ2ZXJsZXNzLXJ1bnRpbWVzL2dvb2dsZS0yNC1mdWxsL3J1bnRpbWVzL25vZGVqczI0QAE= for region europe-west1
[debug] [2026-09-30T15:37:10.549Z] [create-default-europe-west1-prontoPartita] Retrying task index 0
[debug] [2026-09-30T15:37:10.549Z] Checked if tokens are valid: true, expires at: 1790785655648
[debug] [2026-09-30T15:37:10.549Z] Checked if tokens are valid: true, expires at: 1790785655648
[debug] [2026-09-30T15:37:10.549Z] >>> [apiv2][query] GET https://cloudfunctions.googleapis.com/v2/projects/pokemonsuite-didi-lu/locations/europe-west1/operations/operation-1790782621982-65cb5120d9e76-4663c913-f1c53c72 [none]
[debug] [2026-09-30T15:37:10.600Z] <<< [apiv2][status] GET https://cloudfunctions.googleapis.com/v2/projects/pokemonsuite-didi-lu/locations/europe-west1/operations/operation-1790782621982-65cb5120d9e76-4663c913-f1c53c72 200
[debug] [2026-09-30T15:37:10.600Z] <<< [apiv2][body] GET https://cloudfunctions.googleapis.com/v2/projects/pokemonsuite-didi-lu/locations/europe-west1/operations/operation-1790782621982-65cb5120d9e76-4663c913-f1c53c72 {"name":"projects/pokemonsuite-didi-lu/locations/europe-west1/operations/operation-1790782621982-65cb5120d9e76-4663c913-f1c53c72","metadata":{"@type":"type.googleapis.com/google.cloud.functions.v2.OperationMetadata","createTime":"2026-09-30T15:37:02.614326467Z","target":"projects/pokemonsuite-didi-lu/locations/europe-west1/functions/prontoPartita","verb":"create","cancelRequested":false,"apiVersion":"v2","requestResource":{"@type":"type.googleapis.com/google.cloud.functions.v2.Function","name":"projects/pokemonsuite-didi-lu/locations/europe-west1/functions/prontoPartita","buildConfig":{"runtime":"nodejs24","entryPoint":"prontoPartita","source":{"storageSource":{"bucket":"gcf-v2-sources-707115539525-europe-west1","object":"prontoPartita/function-source.zip","generation":"1790782622213908"}},"environmentVariables":{"GOOGLE_NODE_RUN_SCRIPTS":""},"sourceToken":"Clhwcm9qZWN0cy83MDcxMTU1Mzk1MjUvbG9jYXRpb25zL2V1cm9wZS13ZXN0MS9idWlsZHMvYzc2YzI2YzEtZGE1Mi00YWZlLTk1ZmYtYjhhMTdjMDUyNzI2EnxldXJvcGUtd2VzdDEtZG9ja2VyLnBrZy5kZXYvcG9rZW1vbnN1aXRlLWRpZGktbHUvZ2NmLWFydGlmYWN0cy9wb2tlbW9uc3VpdGUtLWRpZGktLWx1X19ldXJvcGUtLXdlc3QxX19hcHJpX3BhcnRpdGE6dmVyc2lvbl8xGMW4+5rKFCJKcHJvamVjdHMvcG9rZW1vbnN1aXRlLWRpZGktbHUvbG9jYXRpb25zL2V1cm9wZS13ZXN0MS9mdW5jdGlvbnMvYXByaVBhcnRpdGEqDAib2fTVBhC40u3dATIIbm9kZWpzMjQ6dwojZ2NyLmlvL2dhZS1ydW50aW1lcy9ub2RlanMyNDpzdGFibGUSUGV1cm9wZS13ZXN0MS1kb2NrZXIucGtnLmRldi9zZXJ2ZXJsZXNzLXJ1bnRpbWVzL2dvb2dsZS0yNC1mdWxsL3J1bnRpbWVzL25vZGVqczI0QAE=","serviceAccount":"projects/pokemonsuite-didi-lu/serviceAccounts/707115539525-compute@developer.gserviceaccount.com","automaticUpdatePolicy":{}},"serviceConfig":{"service":"projects/pokemonsuite-didi-lu/locations/europe-west1/services/prontopartita","timeoutSeconds":60,"environmentVariables":{"CHIAVE_SCELTE":"asfiahirucjaskdjfnkjnkcvjenjkrn2i3443jn49unfejk23j498","FIREBASE_CONFIG":"{\"projectId\":\"pokemonsuite-didi-lu\",\"databaseURL\":\"https://pokemonsuite-didi-lu-default-rtdb.europe-west1.firebasedatabase.app\",\"storageBucket\":\"pokemonsuite-didi-lu.firebasestorage.app\"}","GCLOUD_PROJECT":"pokemonsuite-didi-lu","EVENTARC_CLOUD_EVENT_SOURCE":"projects/pokemonsuite-didi-lu/locations/europe-west1/services/prontoPartita","FUNCTION_REGION":"europe-west1","FUNCTION_TARGET":"prontoPartita","LOG_EXECUTION_ID":"true","FUNCTION_SIGNATURE_TYPE":"http"},"ingressSettings":"ALLOW_ALL","serviceAccountEmail":"707115539525-compute@developer.gserviceaccount.com","availableMemory":"512Mi","maxInstanceRequestConcurrency":80,"availableCpu":"1"},"labels":{"deployment-tool":"cli-firebase","deployment-callable":"true","firebase-functions-hash":"96186d4b819aef55c80b001ff2eab1a538b01adc"},"environment":"GEN_2"},"stages":[{"name":"BUILD","message":"Reusing build","state":"COMPLETE","resource":"projects/707115539525/locations/europe-west1/builds/c76c26c1-da52-4afe-95ff-b8a17c052726"},{"name":"SERVICE","message":"Creating Cloud Run service","state":"IN_PROGRESS","resource":"projects/pokemonsuite-didi-lu/locations/europe-west1/services/prontopartita","resourceUri":"https://console.cloud.google.com/run/detail/europe-west1/prontopartita?project=pokemonsuite-didi-lu"}],"sourceToken":"Clhwcm9qZWN0cy83MDcxMTU1Mzk1MjUvbG9jYXRpb25zL2V1cm9wZS13ZXN0MS9idWlsZHMvYzc2YzI2YzEtZGE1Mi00YWZlLTk1ZmYtYjhhMTdjMDUyNzI2EnxldXJvcGUtd2VzdDEtZG9ja2VyLnBrZy5kZXYvcG9rZW1vbnN1aXRlLWRpZGktbHUvZ2NmLWFydGlmYWN0cy9wb2tlbW9uc3VpdGUtLWRpZGktLWx1X19ldXJvcGUtLXdlc3QxX19hcHJpX3BhcnRpdGE6dmVyc2lvbl8xGMW4+5rKFCJKcHJvamVjdHMvcG9rZW1vbnN1aXRlLWRpZGktbHUvbG9jYXRpb25zL2V1cm9wZS13ZXN0MS9mdW5jdGlvbnMvYXByaVBhcnRpdGEqDAib2fTVBhC40u3dATIIbm9kZWpzMjQ6dwojZ2NyLmlvL2dhZS1ydW50aW1lcy9ub2RlanMyNDpzdGFibGUSUGV1cm9wZS13ZXN0MS1kb2NrZXIucGtnLmRldi9zZXJ2ZXJsZXNzLXJ1bnRpbWVzL2dvb2dsZS0yNC1mdWxsL3J1bnRpbWVzL25vZGVqczI0QAE=","operationType":"CREATE_FUNCTION","buildName":"projects/707115539525/locations/europe-west1/builds/c76c26c1-da52-4afe-95ff-b8a17c052726"},"done":false}
[debug] [2026-09-30T15:37:10.600Z] Got source token Clhwcm9qZWN0cy83MDcxMTU1Mzk1MjUvbG9jYXRpb25zL2V1cm9wZS13ZXN0MS9idWlsZHMvYzc2YzI2YzEtZGE1Mi00YWZlLTk1ZmYtYjhhMTdjMDUyNzI2EnxldXJvcGUtd2VzdDEtZG9ja2VyLnBrZy5kZXYvcG9rZW1vbnN1aXRlLWRpZGktbHUvZ2NmLWFydGlmYWN0cy9wb2tlbW9uc3VpdGUtLWRpZGktLWx1X19ldXJvcGUtLXdlc3QxX19hcHJpX3BhcnRpdGE6dmVyc2lvbl8xGMW4+5rKFCJKcHJvamVjdHMvcG9rZW1vbnN1aXRlLWRpZGktbHUvbG9jYXRpb25zL2V1cm9wZS13ZXN0MS9mdW5jdGlvbnMvYXByaVBhcnRpdGEqDAib2fTVBhC40u3dATIIbm9kZWpzMjQ6dwojZ2NyLmlvL2dhZS1ydW50aW1lcy9ub2RlanMyNDpzdGFibGUSUGV1cm9wZS13ZXN0MS1kb2NrZXIucGtnLmRldi9zZXJ2ZXJsZXNzLXJ1bnRpbWVzL2dvb2dsZS0yNC1mdWxsL3J1bnRpbWVzL25vZGVqczI0QAE= for region europe-west1
[debug] [2026-09-30T15:37:10.719Z] [create-default-europe-west1-inviaScelta] Retrying task index 0
[debug] [2026-09-30T15:37:10.720Z] Checked if tokens are valid: true, expires at: 1790785655648
[debug] [2026-09-30T15:37:10.720Z] Checked if tokens are valid: true, expires at: 1790785655648
[debug] [2026-09-30T15:37:10.720Z] >>> [apiv2][query] GET https://cloudfunctions.googleapis.com/v2/projects/pokemonsuite-didi-lu/locations/europe-west1/operations/operation-1790782622078-65cb5120f16a2-1f5fc19b-c33fc14d [none]
[debug] [2026-09-30T15:37:10.805Z] <<< [apiv2][status] GET https://cloudfunctions.googleapis.com/v2/projects/pokemonsuite-didi-lu/locations/europe-west1/operations/operation-1790782622078-65cb5120f16a2-1f5fc19b-c33fc14d 200
[debug] [2026-09-30T15:37:10.805Z] <<< [apiv2][body] GET https://cloudfunctions.googleapis.com/v2/projects/pokemonsuite-didi-lu/locations/europe-west1/operations/operation-1790782622078-65cb5120f16a2-1f5fc19b-c33fc14d {"name":"projects/pokemonsuite-didi-lu/locations/europe-west1/operations/operation-1790782622078-65cb5120f16a2-1f5fc19b-c33fc14d","metadata":{"@type":"type.googleapis.com/google.cloud.functions.v2.OperationMetadata","createTime":"2026-09-30T15:37:02.749667462Z","target":"projects/pokemonsuite-didi-lu/locations/europe-west1/functions/inviaScelta","verb":"create","cancelRequested":false,"apiVersion":"v2","requestResource":{"@type":"type.googleapis.com/google.cloud.functions.v2.Function","name":"projects/pokemonsuite-didi-lu/locations/europe-west1/functions/inviaScelta","buildConfig":{"runtime":"nodejs24","entryPoint":"inviaScelta","source":{"storageSource":{"bucket":"gcf-v2-sources-707115539525-europe-west1","object":"inviaScelta/function-source.zip","generation":"1790782622332365"}},"environmentVariables":{"GOOGLE_NODE_RUN_SCRIPTS":""},"sourceToken":"Clhwcm9qZWN0cy83MDcxMTU1Mzk1MjUvbG9jYXRpb25zL2V1cm9wZS13ZXN0MS9idWlsZHMvYzc2YzI2YzEtZGE1Mi00YWZlLTk1ZmYtYjhhMTdjMDUyNzI2EnxldXJvcGUtd2VzdDEtZG9ja2VyLnBrZy5kZXYvcG9rZW1vbnN1aXRlLWRpZGktbHUvZ2NmLWFydGlmYWN0cy9wb2tlbW9uc3VpdGUtLWRpZGktLWx1X19ldXJvcGUtLXdlc3QxX19hcHJpX3BhcnRpdGE6dmVyc2lvbl8xGMW4+5rKFCJKcHJvamVjdHMvcG9rZW1vbnN1aXRlLWRpZGktbHUvbG9jYXRpb25zL2V1cm9wZS13ZXN0MS9mdW5jdGlvbnMvYXByaVBhcnRpdGEqDAib2fTVBhC40u3dATIIbm9kZWpzMjQ6dwojZ2NyLmlvL2dhZS1ydW50aW1lcy9ub2RlanMyNDpzdGFibGUSUGV1cm9wZS13ZXN0MS1kb2NrZXIucGtnLmRldi9zZXJ2ZXJsZXNzLXJ1bnRpbWVzL2dvb2dsZS0yNC1mdWxsL3J1bnRpbWVzL25vZGVqczI0QAE=","serviceAccount":"projects/pokemonsuite-didi-lu/serviceAccounts/707115539525-compute@developer.gserviceaccount.com","automaticUpdatePolicy":{}},"serviceConfig":{"service":"projects/pokemonsuite-didi-lu/locations/europe-west1/services/inviascelta","timeoutSeconds":60,"environmentVariables":{"CHIAVE_SCELTE":"asfiahirucjaskdjfnkjnkcvjenjkrn2i3443jn49unfejk23j498","FIREBASE_CONFIG":"{\"projectId\":\"pokemonsuite-didi-lu\",\"databaseURL\":\"https://pokemonsuite-didi-lu-default-rtdb.europe-west1.firebasedatabase.app\",\"storageBucket\":\"pokemonsuite-didi-lu.firebasestorage.app\"}","GCLOUD_PROJECT":"pokemonsuite-didi-lu","EVENTARC_CLOUD_EVENT_SOURCE":"projects/pokemonsuite-didi-lu/locations/europe-west1/services/inviaScelta","FUNCTION_REGION":"europe-west1","FUNCTION_TARGET":"inviaScelta","LOG_EXECUTION_ID":"true","FUNCTION_SIGNATURE_TYPE":"http"},"ingressSettings":"ALLOW_ALL","serviceAccountEmail":"707115539525-compute@developer.gserviceaccount.com","availableMemory":"512Mi","maxInstanceRequestConcurrency":80,"availableCpu":"1"},"labels":{"deployment-tool":"cli-firebase","deployment-callable":"true","firebase-functions-hash":"96186d4b819aef55c80b001ff2eab1a538b01adc"},"environment":"GEN_2"},"stages":[{"name":"BUILD","message":"Reusing build","state":"COMPLETE","resource":"projects/707115539525/locations/europe-west1/builds/c76c26c1-da52-4afe-95ff-b8a17c052726"},{"name":"SERVICE","message":"Creating Cloud Run service","state":"IN_PROGRESS","resource":"projects/pokemonsuite-didi-lu/locations/europe-west1/services/inviascelta","resourceUri":"https://console.cloud.google.com/run/detail/europe-west1/inviascelta?project=pokemonsuite-didi-lu"}],"sourceToken":"Clhwcm9qZWN0cy83MDcxMTU1Mzk1MjUvbG9jYXRpb25zL2V1cm9wZS13ZXN0MS9idWlsZHMvYzc2YzI2YzEtZGE1Mi00YWZlLTk1ZmYtYjhhMTdjMDUyNzI2EnxldXJvcGUtd2VzdDEtZG9ja2VyLnBrZy5kZXYvcG9rZW1vbnN1aXRlLWRpZGktbHUvZ2NmLWFydGlmYWN0cy9wb2tlbW9uc3VpdGUtLWRpZGktLWx1X19ldXJvcGUtLXdlc3QxX19hcHJpX3BhcnRpdGE6dmVyc2lvbl8xGMW4+5rKFCJKcHJvamVjdHMvcG9rZW1vbnN1aXRlLWRpZGktbHUvbG9jYXRpb25zL2V1cm9wZS13ZXN0MS9mdW5jdGlvbnMvYXByaVBhcnRpdGEqDAib2fTVBhC40u3dATIIbm9kZWpzMjQ6dwojZ2NyLmlvL2dhZS1ydW50aW1lcy9ub2RlanMyNDpzdGFibGUSUGV1cm9wZS13ZXN0MS1kb2NrZXIucGtnLmRldi9zZXJ2ZXJsZXNzLXJ1bnRpbWVzL2dvb2dsZS0yNC1mdWxsL3J1bnRpbWVzL25vZGVqczI0QAE=","operationType":"CREATE_FUNCTION","buildName":"projects/707115539525/locations/europe-west1/builds/c76c26c1-da52-4afe-95ff-b8a17c052726"},"done":false}
[debug] [2026-09-30T15:37:10.807Z] Got source token Clhwcm9qZWN0cy83MDcxMTU1Mzk1MjUvbG9jYXRpb25zL2V1cm9wZS13ZXN0MS9idWlsZHMvYzc2YzI2YzEtZGE1Mi00YWZlLTk1ZmYtYjhhMTdjMDUyNzI2EnxldXJvcGUtd2VzdDEtZG9ja2VyLnBrZy5kZXYvcG9rZW1vbnN1aXRlLWRpZGktbHUvZ2NmLWFydGlmYWN0cy9wb2tlbW9uc3VpdGUtLWRpZGktLWx1X19ldXJvcGUtLXdlc3QxX19hcHJpX3BhcnRpdGE6dmVyc2lvbl8xGMW4+5rKFCJKcHJvamVjdHMvcG9rZW1vbnN1aXRlLWRpZGktbHUvbG9jYXRpb25zL2V1cm9wZS13ZXN0MS9mdW5jdGlvbnMvYXByaVBhcnRpdGEqDAib2fTVBhC40u3dATIIbm9kZWpzMjQ6dwojZ2NyLmlvL2dhZS1ydW50aW1lcy9ub2RlanMyNDpzdGFibGUSUGV1cm9wZS13ZXN0MS1kb2NrZXIucGtnLmRldi9zZXJ2ZXJsZXNzLXJ1bnRpbWVzL2dvb2dsZS0yNC1mdWxsL3J1bnRpbWVzL25vZGVqczI0QAE= for region europe-west1
[debug] [2026-09-30T15:37:11.906Z] [create-default-europe-west1-apriPartita] Retrying task index 0
[debug] [2026-09-30T15:37:11.907Z] Checked if tokens are valid: true, expires at: 1790785655648
[debug] [2026-09-30T15:37:11.907Z] Checked if tokens are valid: true, expires at: 1790785655648
[debug] [2026-09-30T15:37:11.907Z] >>> [apiv2][query] GET https://cloudfunctions.googleapis.com/v2/projects/pokemonsuite-didi-lu/locations/europe-west1/operations/operation-1790782522486-65cb50c1f6fe7-1056d1fc-fa8ae720 [none]
[debug] [2026-09-30T15:37:12.008Z] <<< [apiv2][status] GET https://cloudfunctions.googleapis.com/v2/projects/pokemonsuite-didi-lu/locations/europe-west1/operations/operation-1790782522486-65cb50c1f6fe7-1056d1fc-fa8ae720 200
[debug] [2026-09-30T15:37:12.008Z] <<< [apiv2][body] GET https://cloudfunctions.googleapis.com/v2/projects/pokemonsuite-didi-lu/locations/europe-west1/operations/operation-1790782522486-65cb50c1f6fe7-1056d1fc-fa8ae720 {"name":"projects/pokemonsuite-didi-lu/locations/europe-west1/operations/operation-1790782522486-65cb50c1f6fe7-1056d1fc-fa8ae720","metadata":{"@type":"type.googleapis.com/google.cloud.functions.v2.OperationMetadata","createTime":"2026-09-30T15:35:24.737814965Z","target":"projects/pokemonsuite-didi-lu/locations/europe-west1/functions/apriPartita","verb":"create","cancelRequested":false,"apiVersion":"v2","requestResource":{"@type":"type.googleapis.com/google.cloud.functions.v2.Function","name":"projects/pokemonsuite-didi-lu/locations/europe-west1/functions/apriPartita","buildConfig":{"runtime":"nodejs24","entryPoint":"apriPartita","source":{"storageSource":{"bucket":"gcf-v2-sources-707115539525-europe-west1","object":"apriPartita/function-source.zip","generation":"1790782524081974"}},"environmentVariables":{"GOOGLE_NODE_RUN_SCRIPTS":""},"serviceAccount":"projects/pokemonsuite-didi-lu/serviceAccounts/707115539525-compute@developer.gserviceaccount.com","automaticUpdatePolicy":{}},"serviceConfig":{"service":"projects/pokemonsuite-didi-lu/locations/europe-west1/services/apripartita","timeoutSeconds":60,"environmentVariables":{"CHIAVE_SCELTE":"asfiahirucjaskdjfnkjnkcvjenjkrn2i3443jn49unfejk23j498","FIREBASE_CONFIG":"{\"projectId\":\"pokemonsuite-didi-lu\",\"databaseURL\":\"https://pokemonsuite-didi-lu-default-rtdb.europe-west1.firebasedatabase.app\",\"storageBucket\":\"pokemonsuite-didi-lu.firebasestorage.app\"}","GCLOUD_PROJECT":"pokemonsuite-didi-lu","EVENTARC_CLOUD_EVENT_SOURCE":"projects/pokemonsuite-didi-lu/locations/europe-west1/services/apriPartita","FUNCTION_REGION":"europe-west1","FUNCTION_TARGET":"apriPartita","LOG_EXECUTION_ID":"true"},"ingressSettings":"ALLOW_ALL","serviceAccountEmail":"707115539525-compute@developer.gserviceaccount.com","availableMemory":"512Mi","maxInstanceRequestConcurrency":80,"availableCpu":"1"},"labels":{"deployment-tool":"cli-firebase","deployment-callable":"true","firebase-functions-hash":"96186d4b819aef55c80b001ff2eab1a538b01adc"},"environment":"GEN_2"},"stages":[{"name":"BUILD","message":"Build finished","state":"COMPLETE","resource":"projects/707115539525/locations/europe-west1/builds/c76c26c1-da52-4afe-95ff-b8a17c052726","resourceUri":"https://console.cloud.google.com/cloud-build/builds;region=europe-west1/c76c26c1-da52-4afe-95ff-b8a17c052726?project=707115539525"},{"name":"SERVICE","message":"Creating Cloud Run service","state":"IN_PROGRESS","resource":"projects/pokemonsuite-didi-lu/locations/europe-west1/services/apripartita","resourceUri":"https://console.cloud.google.com/run/detail/europe-west1/apripartita?project=pokemonsuite-didi-lu"}],"sourceToken":"Clhwcm9qZWN0cy83MDcxMTU1Mzk1MjUvbG9jYXRpb25zL2V1cm9wZS13ZXN0MS9idWlsZHMvYzc2YzI2YzEtZGE1Mi00YWZlLTk1ZmYtYjhhMTdjMDUyNzI2EnxldXJvcGUtd2VzdDEtZG9ja2VyLnBrZy5kZXYvcG9rZW1vbnN1aXRlLWRpZGktbHUvZ2NmLWFydGlmYWN0cy9wb2tlbW9uc3VpdGUtLWRpZGktLWx1X19ldXJvcGUtLXdlc3QxX19hcHJpX3BhcnRpdGE6dmVyc2lvbl8xGMW4+5rKFCJKcHJvamVjdHMvcG9rZW1vbnN1aXRlLWRpZGktbHUvbG9jYXRpb25zL2V1cm9wZS13ZXN0MS9mdW5jdGlvbnMvYXByaVBhcnRpdGEqDAib2fTVBhC40u3dATIIbm9kZWpzMjQ6dwojZ2NyLmlvL2dhZS1ydW50aW1lcy9ub2RlanMyNDpzdGFibGUSUGV1cm9wZS13ZXN0MS1kb2NrZXIucGtnLmRldi9zZXJ2ZXJsZXNzLXJ1bnRpbWVzL2dvb2dsZS0yNC1mdWxsL3J1bnRpbWVzL25vZGVqczI0QAE=","operationType":"CREATE_FUNCTION","buildName":"projects/707115539525/locations/europe-west1/builds/c76c26c1-da52-4afe-95ff-b8a17c052726"},"done":false}
[debug] [2026-09-30T15:37:12.008Z] Got source token Clhwcm9qZWN0cy83MDcxMTU1Mzk1MjUvbG9jYXRpb25zL2V1cm9wZS13ZXN0MS9idWlsZHMvYzc2YzI2YzEtZGE1Mi00YWZlLTk1ZmYtYjhhMTdjMDUyNzI2EnxldXJvcGUtd2VzdDEtZG9ja2VyLnBrZy5kZXYvcG9rZW1vbnN1aXRlLWRpZGktbHUvZ2NmLWFydGlmYWN0cy9wb2tlbW9uc3VpdGUtLWRpZGktLWx1X19ldXJvcGUtLXdlc3QxX19hcHJpX3BhcnRpdGE6dmVyc2lvbl8xGMW4+5rKFCJKcHJvamVjdHMvcG9rZW1vbnN1aXRlLWRpZGktbHUvbG9jYXRpb25zL2V1cm9wZS13ZXN0MS9mdW5jdGlvbnMvYXByaVBhcnRpdGEqDAib2fTVBhC40u3dATIIbm9kZWpzMjQ6dwojZ2NyLmlvL2dhZS1ydW50aW1lcy9ub2RlanMyNDpzdGFibGUSUGV1cm9wZS13ZXN0MS1kb2NrZXIucGtnLmRldi9zZXJ2ZXJsZXNzLXJ1bnRpbWVzL2dvb2dsZS0yNC1mdWxsL3J1bnRpbWVzL25vZGVqczI0QAE= for region europe-west1
[debug] [2026-09-30T15:37:18.600Z] [create-default-europe-west1-prontoPartita] Retrying task index 0
[debug] [2026-09-30T15:37:18.601Z] Checked if tokens are valid: true, expires at: 1790785655648
[debug] [2026-09-30T15:37:18.601Z] Checked if tokens are valid: true, expires at: 1790785655648
[debug] [2026-09-30T15:37:18.601Z] >>> [apiv2][query] GET https://cloudfunctions.googleapis.com/v2/projects/pokemonsuite-didi-lu/locations/europe-west1/operations/operation-1790782621982-65cb5120d9e76-4663c913-f1c53c72 [none]
[debug] [2026-09-30T15:37:18.672Z] <<< [apiv2][status] GET https://cloudfunctions.googleapis.com/v2/projects/pokemonsuite-didi-lu/locations/europe-west1/operations/operation-1790782621982-65cb5120d9e76-4663c913-f1c53c72 200
[debug] [2026-09-30T15:37:18.673Z] <<< [apiv2][body] GET https://cloudfunctions.googleapis.com/v2/projects/pokemonsuite-didi-lu/locations/europe-west1/operations/operation-1790782621982-65cb5120d9e76-4663c913-f1c53c72 {"name":"projects/pokemonsuite-didi-lu/locations/europe-west1/operations/operation-1790782621982-65cb5120d9e76-4663c913-f1c53c72","metadata":{"@type":"type.googleapis.com/google.cloud.functions.v2.OperationMetadata","createTime":"2026-09-30T15:37:02.614326467Z","endTime":"2026-09-30T15:37:14.544692261Z","target":"projects/pokemonsuite-didi-lu/locations/europe-west1/functions/prontoPartita","verb":"create","cancelRequested":false,"apiVersion":"v2","requestResource":{"@type":"type.googleapis.com/google.cloud.functions.v2.Function","name":"projects/pokemonsuite-didi-lu/locations/europe-west1/functions/prontoPartita","buildConfig":{"runtime":"nodejs24","entryPoint":"prontoPartita","source":{"storageSource":{"bucket":"gcf-v2-sources-707115539525-europe-west1","object":"prontoPartita/function-source.zip","generation":"1790782622213908"}},"environmentVariables":{"GOOGLE_NODE_RUN_SCRIPTS":""},"sourceToken":"Clhwcm9qZWN0cy83MDcxMTU1Mzk1MjUvbG9jYXRpb25zL2V1cm9wZS13ZXN0MS9idWlsZHMvYzc2YzI2YzEtZGE1Mi00YWZlLTk1ZmYtYjhhMTdjMDUyNzI2EnxldXJvcGUtd2VzdDEtZG9ja2VyLnBrZy5kZXYvcG9rZW1vbnN1aXRlLWRpZGktbHUvZ2NmLWFydGlmYWN0cy9wb2tlbW9uc3VpdGUtLWRpZGktLWx1X19ldXJvcGUtLXdlc3QxX19hcHJpX3BhcnRpdGE6dmVyc2lvbl8xGMW4+5rKFCJKcHJvamVjdHMvcG9rZW1vbnN1aXRlLWRpZGktbHUvbG9jYXRpb25zL2V1cm9wZS13ZXN0MS9mdW5jdGlvbnMvYXByaVBhcnRpdGEqDAib2fTVBhC40u3dATIIbm9kZWpzMjQ6dwojZ2NyLmlvL2dhZS1ydW50aW1lcy9ub2RlanMyNDpzdGFibGUSUGV1cm9wZS13ZXN0MS1kb2NrZXIucGtnLmRldi9zZXJ2ZXJsZXNzLXJ1bnRpbWVzL2dvb2dsZS0yNC1mdWxsL3J1bnRpbWVzL25vZGVqczI0QAE=","serviceAccount":"projects/pokemonsuite-didi-lu/serviceAccounts/707115539525-compute@developer.gserviceaccount.com","automaticUpdatePolicy":{}},"serviceConfig":{"service":"projects/pokemonsuite-didi-lu/locations/europe-west1/services/prontopartita","timeoutSeconds":60,"environmentVariables":{"CHIAVE_SCELTE":"asfiahirucjaskdjfnkjnkcvjenjkrn2i3443jn49unfejk23j498","FIREBASE_CONFIG":"{\"projectId\":\"pokemonsuite-didi-lu\",\"databaseURL\":\"https://pokemonsuite-didi-lu-default-rtdb.europe-west1.firebasedatabase.app\",\"storageBucket\":\"pokemonsuite-didi-lu.firebasestorage.app\"}","GCLOUD_PROJECT":"pokemonsuite-didi-lu","EVENTARC_CLOUD_EVENT_SOURCE":"projects/pokemonsuite-didi-lu/locations/europe-west1/services/prontoPartita","FUNCTION_REGION":"europe-west1","FUNCTION_TARGET":"prontoPartita","LOG_EXECUTION_ID":"true","FUNCTION_SIGNATURE_TYPE":"http"},"ingressSettings":"ALLOW_ALL","serviceAccountEmail":"707115539525-compute@developer.gserviceaccount.com","availableMemory":"512Mi","maxInstanceRequestConcurrency":80,"availableCpu":"1"},"labels":{"deployment-tool":"cli-firebase","deployment-callable":"true","firebase-functions-hash":"96186d4b819aef55c80b001ff2eab1a538b01adc"},"environment":"GEN_2"},"stages":[{"name":"ARTIFACT_REGISTRY","message":"Deleting function artifacts in Artifact Registry","state":"COMPLETE"},{"name":"SERVICE","message":"Deleting Cloud Run service","state":"COMPLETE","resource":"projects/pokemonsuite-didi-lu/locations/europe-west1/services/prontopartita"}],"operationType":"CREATE_FUNCTION"},"done":true,"error":{"code":3,"message":"Could not create or update Cloud Run service prontopartita, Container Healthcheck failed. Revision 'prontopartita-00001-yed' is not ready and cannot serve traffic. The user-provided container failed to start and listen on the port defined provided by the PORT=8080 environment variable within the allocated timeout. This can happen when the container port is misconfigured or if the timeout is too short. The health check timeout can be extended. Logs for this revision might contain more information.\n\nLogs URL: https://console.cloud.google.com/logs/viewer?project=pokemonsuite-didi-lu&resource=cloud_run_revision/service_name/prontopartita/revision_name/prontopartita-00001-yed&advancedFilter=resource.type%3D%22cloud_run_revision%22%0Aresource.labels.service_name%3D%22prontopartita%22%0Aresource.labels.revision_name%3D%22prontopartita-00001-yed%22 \nFor more troubleshooting guidance, see https://cloud.google.com/run/docs/troubleshooting#container-failed-to-start"}}
[debug] [2026-09-30T15:37:18.673Z] Got source token undefined for region europe-west1
[error] Could not create or update Cloud Run service prontopartita, Container Healthcheck failed. Revision 'prontopartita-00001-yed' is not ready and cannot serve traffic. The user-provided container failed to start and listen on the port defined provided by the PORT=8080 environment variable within the allocated timeout. This can happen when the container port is misconfigured or if the timeout is too short. The health check timeout can be extended. Logs for this revision might contain more information.

Logs URL: https://console.cloud.google.com/logs/viewer?project=pokemonsuite-didi-lu&resource=cloud_run_revision/service_name/prontopartita/revision_name/prontopartita-00001-yed&advancedFilter=resource.type%3D%22cloud_run_revision%22%0Aresource.labels.service_name%3D%22prontopartita%22%0Aresource.labels.revision_name%3D%22prontopartita-00001-yed%22 
For more troubleshooting guidance, see https://cloud.google.com/run/docs/troubleshooting#container-failed-to-start
[debug] [2026-09-30T15:37:18.806Z] [create-default-europe-west1-inviaScelta] Retrying task index 0
[debug] [2026-09-30T15:37:18.807Z] Checked if tokens are valid: true, expires at: 1790785655648
[debug] [2026-09-30T15:37:18.807Z] Checked if tokens are valid: true, expires at: 1790785655648
[debug] [2026-09-30T15:37:18.807Z] >>> [apiv2][query] GET https://cloudfunctions.googleapis.com/v2/projects/pokemonsuite-didi-lu/locations/europe-west1/operations/operation-1790782622078-65cb5120f16a2-1f5fc19b-c33fc14d [none]
[debug] [2026-09-30T15:37:18.858Z] <<< [apiv2][status] GET https://cloudfunctions.googleapis.com/v2/projects/pokemonsuite-didi-lu/locations/europe-west1/operations/operation-1790782622078-65cb5120f16a2-1f5fc19b-c33fc14d 200
[debug] [2026-09-30T15:37:18.858Z] <<< [apiv2][body] GET https://cloudfunctions.googleapis.com/v2/projects/pokemonsuite-didi-lu/locations/europe-west1/operations/operation-1790782622078-65cb5120f16a2-1f5fc19b-c33fc14d {"name":"projects/pokemonsuite-didi-lu/locations/europe-west1/operations/operation-1790782622078-65cb5120f16a2-1f5fc19b-c33fc14d","metadata":{"@type":"type.googleapis.com/google.cloud.functions.v2.OperationMetadata","createTime":"2026-09-30T15:37:02.749667462Z","endTime":"2026-09-30T15:37:14.842252643Z","target":"projects/pokemonsuite-didi-lu/locations/europe-west1/functions/inviaScelta","verb":"create","cancelRequested":false,"apiVersion":"v2","requestResource":{"@type":"type.googleapis.com/google.cloud.functions.v2.Function","name":"projects/pokemonsuite-didi-lu/locations/europe-west1/functions/inviaScelta","buildConfig":{"runtime":"nodejs24","entryPoint":"inviaScelta","source":{"storageSource":{"bucket":"gcf-v2-sources-707115539525-europe-west1","object":"inviaScelta/function-source.zip","generation":"1790782622332365"}},"environmentVariables":{"GOOGLE_NODE_RUN_SCRIPTS":""},"sourceToken":"Clhwcm9qZWN0cy83MDcxMTU1Mzk1MjUvbG9jYXRpb25zL2V1cm9wZS13ZXN0MS9idWlsZHMvYzc2YzI2YzEtZGE1Mi00YWZlLTk1ZmYtYjhhMTdjMDUyNzI2EnxldXJvcGUtd2VzdDEtZG9ja2VyLnBrZy5kZXYvcG9rZW1vbnN1aXRlLWRpZGktbHUvZ2NmLWFydGlmYWN0cy9wb2tlbW9uc3VpdGUtLWRpZGktLWx1X19ldXJvcGUtLXdlc3QxX19hcHJpX3BhcnRpdGE6dmVyc2lvbl8xGMW4+5rKFCJKcHJvamVjdHMvcG9rZW1vbnN1aXRlLWRpZGktbHUvbG9jYXRpb25zL2V1cm9wZS13ZXN0MS9mdW5jdGlvbnMvYXByaVBhcnRpdGEqDAib2fTVBhC40u3dATIIbm9kZWpzMjQ6dwojZ2NyLmlvL2dhZS1ydW50aW1lcy9ub2RlanMyNDpzdGFibGUSUGV1cm9wZS13ZXN0MS1kb2NrZXIucGtnLmRldi9zZXJ2ZXJsZXNzLXJ1bnRpbWVzL2dvb2dsZS0yNC1mdWxsL3J1bnRpbWVzL25vZGVqczI0QAE=","serviceAccount":"projects/pokemonsuite-didi-lu/serviceAccounts/707115539525-compute@developer.gserviceaccount.com","automaticUpdatePolicy":{}},"serviceConfig":{"service":"projects/pokemonsuite-didi-lu/locations/europe-west1/services/inviascelta","timeoutSeconds":60,"environmentVariables":{"CHIAVE_SCELTE":"asfiahirucjaskdjfnkjnkcvjenjkrn2i3443jn49unfejk23j498","FIREBASE_CONFIG":"{\"projectId\":\"pokemonsuite-didi-lu\",\"databaseURL\":\"https://pokemonsuite-didi-lu-default-rtdb.europe-west1.firebasedatabase.app\",\"storageBucket\":\"pokemonsuite-didi-lu.firebasestorage.app\"}","GCLOUD_PROJECT":"pokemonsuite-didi-lu","EVENTARC_CLOUD_EVENT_SOURCE":"projects/pokemonsuite-didi-lu/locations/europe-west1/services/inviaScelta","FUNCTION_REGION":"europe-west1","FUNCTION_TARGET":"inviaScelta","LOG_EXECUTION_ID":"true","FUNCTION_SIGNATURE_TYPE":"http"},"ingressSettings":"ALLOW_ALL","serviceAccountEmail":"707115539525-compute@developer.gserviceaccount.com","availableMemory":"512Mi","maxInstanceRequestConcurrency":80,"availableCpu":"1"},"labels":{"deployment-tool":"cli-firebase","deployment-callable":"true","firebase-functions-hash":"96186d4b819aef55c80b001ff2eab1a538b01adc"},"environment":"GEN_2"},"stages":[{"name":"ARTIFACT_REGISTRY","message":"Deleting function artifacts in Artifact Registry","state":"COMPLETE"},{"name":"SERVICE","message":"Deleting Cloud Run service","state":"COMPLETE","resource":"projects/pokemonsuite-didi-lu/locations/europe-west1/services/inviascelta"}],"operationType":"CREATE_FUNCTION"},"done":true,"error":{"code":3,"message":"Could not create or update Cloud Run service inviascelta, Container Healthcheck failed. The user-provided container failed to start and listen on the port defined provided by the PORT=8080 environment variable within the allocated timeout. This can happen when the container port is misconfigured or if the timeout is too short. The health check timeout can be extended. Logs for this revision might contain more information.\n\nLogs URL: https://console.cloud.google.com/logs/viewer?project=pokemonsuite-didi-lu&resource=cloud_run_revision/service_name/inviascelta/revision_name/inviascelta-00001-yaw&advancedFilter=resource.type%3D%22cloud_run_revision%22%0Aresource.labels.service_name%3D%22inviascelta%22%0Aresource.labels.revision_name%3D%22inviascelta-00001-yaw%22 \nFor more troubleshooting guidance, see https://cloud.google.com/run/docs/troubleshooting#container-failed-to-start"}}
[debug] [2026-09-30T15:37:18.858Z] Got source token undefined for region europe-west1
[error] Could not create or update Cloud Run service inviascelta, Container Healthcheck failed. The user-provided container failed to start and listen on the port defined provided by the PORT=8080 environment variable within the allocated timeout. This can happen when the container port is misconfigured or if the timeout is too short. The health check timeout can be extended. Logs for this revision might contain more information.

Logs URL: https://console.cloud.google.com/logs/viewer?project=pokemonsuite-didi-lu&resource=cloud_run_revision/service_name/inviascelta/revision_name/inviascelta-00001-yaw&advancedFilter=resource.type%3D%22cloud_run_revision%22%0Aresource.labels.service_name%3D%22inviascelta%22%0Aresource.labels.revision_name%3D%22inviascelta-00001-yaw%22 
For more troubleshooting guidance, see https://cloud.google.com/run/docs/troubleshooting#container-failed-to-start
[debug] [2026-09-30T15:37:19.831Z] <<< [apiv2][status] POST https://cloudfunctions.googleapis.com/v2/projects/pokemonsuite-didi-lu/locations/europe-west1/functions 400
[debug] [2026-09-30T15:37:19.831Z] <<< [apiv2][body] POST https://cloudfunctions.googleapis.com/v2/projects/pokemonsuite-didi-lu/locations/europe-west1/functions {"error":{"code":400,"message":"Validation failed for trigger projects/pokemonsuite-didi-lu/locations/europe-west1/triggers/salvapartitaconclusa-562599: Invalid resource state for \"\": Permission denied while using the Eventarc Service Agent. If you recently started to use Eventarc, it may take a few minutes before all necessary permissions are propagated to the Service Agent. Otherwise, verify that it has Eventarc Service Agent role.","status":"FAILED_PRECONDITION"}}
[warn] ⚠  functions: Request to https://cloudfunctions.googleapis.com/v2/projects/pokemonsuite-didi-lu/locations/europe-west1/functions?functionId=salvaPartitaConclusa had HTTP Error: 400, Validation failed for trigger projects/pokemonsuite-didi-lu/locations/europe-west1/triggers/salvapartitaconclusa-562599: Invalid resource state for "": Permission denied while using the Eventarc Service Agent. If you recently started to use Eventarc, it may take a few minutes before all necessary permissions are propagated to the Service Agent. Otherwise, verify that it has Eventarc Service Agent role. 
[warn] ⚠  functions: Since this is your first time using 2nd gen functions, we need a little bit longer to finish setting everything up. Retry the deployment in a few minutes. 
[warn] ⚠  functions:  failed to create function projects/pokemonsuite-didi-lu/locations/europe-west1/functions/salvaPartitaConclusa 
[error] Failed to create function projects/pokemonsuite-didi-lu/locations/europe-west1/functions/salvaPartitaConclusa
[debug] [2026-09-30T15:37:22.010Z] [create-default-europe-west1-apriPartita] Retrying task index 0
[debug] [2026-09-30T15:37:22.011Z] Checked if tokens are valid: true, expires at: 1790785655648
[debug] [2026-09-30T15:37:22.011Z] Checked if tokens are valid: true, expires at: 1790785655648
[debug] [2026-09-30T15:37:22.011Z] >>> [apiv2][query] GET https://cloudfunctions.googleapis.com/v2/projects/pokemonsuite-didi-lu/locations/europe-west1/operations/operation-1790782522486-65cb50c1f6fe7-1056d1fc-fa8ae720 [none]
[debug] [2026-09-30T15:37:22.086Z] <<< [apiv2][status] GET https://cloudfunctions.googleapis.com/v2/projects/pokemonsuite-didi-lu/locations/europe-west1/operations/operation-1790782522486-65cb50c1f6fe7-1056d1fc-fa8ae720 200
[debug] [2026-09-30T15:37:22.086Z] <<< [apiv2][body] GET https://cloudfunctions.googleapis.com/v2/projects/pokemonsuite-didi-lu/locations/europe-west1/operations/operation-1790782522486-65cb50c1f6fe7-1056d1fc-fa8ae720 {"name":"projects/pokemonsuite-didi-lu/locations/europe-west1/operations/operation-1790782522486-65cb50c1f6fe7-1056d1fc-fa8ae720","metadata":{"@type":"type.googleapis.com/google.cloud.functions.v2.OperationMetadata","createTime":"2026-09-30T15:35:24.737814965Z","endTime":"2026-09-30T15:37:15.202107264Z","target":"projects/pokemonsuite-didi-lu/locations/europe-west1/functions/apriPartita","verb":"create","cancelRequested":false,"apiVersion":"v2","requestResource":{"@type":"type.googleapis.com/google.cloud.functions.v2.Function","name":"projects/pokemonsuite-didi-lu/locations/europe-west1/functions/apriPartita","buildConfig":{"runtime":"nodejs24","entryPoint":"apriPartita","source":{"storageSource":{"bucket":"gcf-v2-sources-707115539525-europe-west1","object":"apriPartita/function-source.zip","generation":"1790782524081974"}},"environmentVariables":{"GOOGLE_NODE_RUN_SCRIPTS":""},"serviceAccount":"projects/pokemonsuite-didi-lu/serviceAccounts/707115539525-compute@developer.gserviceaccount.com","automaticUpdatePolicy":{}},"serviceConfig":{"service":"projects/pokemonsuite-didi-lu/locations/europe-west1/services/apripartita","timeoutSeconds":60,"environmentVariables":{"CHIAVE_SCELTE":"asfiahirucjaskdjfnkjnkcvjenjkrn2i3443jn49unfejk23j498","FIREBASE_CONFIG":"{\"projectId\":\"pokemonsuite-didi-lu\",\"databaseURL\":\"https://pokemonsuite-didi-lu-default-rtdb.europe-west1.firebasedatabase.app\",\"storageBucket\":\"pokemonsuite-didi-lu.firebasestorage.app\"}","GCLOUD_PROJECT":"pokemonsuite-didi-lu","EVENTARC_CLOUD_EVENT_SOURCE":"projects/pokemonsuite-didi-lu/locations/europe-west1/services/apriPartita","FUNCTION_REGION":"europe-west1","FUNCTION_TARGET":"apriPartita","LOG_EXECUTION_ID":"true"},"ingressSettings":"ALLOW_ALL","serviceAccountEmail":"707115539525-compute@developer.gserviceaccount.com","availableMemory":"512Mi","maxInstanceRequestConcurrency":80,"availableCpu":"1"},"labels":{"deployment-tool":"cli-firebase","deployment-callable":"true","firebase-functions-hash":"96186d4b819aef55c80b001ff2eab1a538b01adc"},"environment":"GEN_2"},"stages":[{"name":"ARTIFACT_REGISTRY","message":"Deleting function artifacts in Artifact Registry","state":"COMPLETE"},{"name":"SERVICE","message":"Deleting Cloud Run service","state":"COMPLETE","resource":"projects/pokemonsuite-didi-lu/locations/europe-west1/services/apripartita"}],"operationType":"CREATE_FUNCTION"},"done":true,"error":{"code":3,"message":"Could not create or update Cloud Run service apripartita, Container Healthcheck failed. The user-provided container failed to start and listen on the port defined provided by the PORT=8080 environment variable within the allocated timeout. This can happen when the container port is misconfigured or if the timeout is too short. The health check timeout can be extended. Logs for this revision might contain more information.\n\nLogs URL: https://console.cloud.google.com/logs/viewer?project=pokemonsuite-didi-lu&resource=cloud_run_revision/service_name/apripartita/revision_name/apripartita-00001-peb&advancedFilter=resource.type%3D%22cloud_run_revision%22%0Aresource.labels.service_name%3D%22apripartita%22%0Aresource.labels.revision_name%3D%22apripartita-00001-peb%22 \nFor more troubleshooting guidance, see https://cloud.google.com/run/docs/troubleshooting#container-failed-to-start"}}
[debug] [2026-09-30T15:37:22.087Z] Got source token undefined for region europe-west1
[error] Could not create or update Cloud Run service apripartita, Container Healthcheck failed. The user-provided container failed to start and listen on the port defined provided by the PORT=8080 environment variable within the allocated timeout. This can happen when the container port is misconfigured or if the timeout is too short. The health check timeout can be extended. Logs for this revision might contain more information.

Logs URL: https://console.cloud.google.com/logs/viewer?project=pokemonsuite-didi-lu&resource=cloud_run_revision/service_name/apripartita/revision_name/apripartita-00001-peb&advancedFilter=resource.type%3D%22cloud_run_revision%22%0Aresource.labels.service_name%3D%22apripartita%22%0Aresource.labels.revision_name%3D%22apripartita-00001-peb%22 
For more troubleshooting guidance, see https://cloud.google.com/run/docs/troubleshooting#container-failed-to-start
[warn] ⚠  functions: Deploys failed. Skipping deletes. 
[debug] [2026-09-30T15:37:22.090Z] Total Function Deployment time: 119689
[debug] [2026-09-30T15:37:22.091Z] 4 Functions Deployed
[debug] [2026-09-30T15:37:22.091Z] 4 Functions Errored
[debug] [2026-09-30T15:37:22.091Z] 0 Function Deployments Aborted
[debug] [2026-09-30T15:37:22.091Z] Average Function Deployment time: 117457.5
[info] 
[info] Functions deploy had errors with the following functions:
	apriPartita(europe-west1)
	inviaScelta(europe-west1)
	prontoPartita(europe-west1)
	salvaPartitaConclusa(europe-west1)
[debug] [2026-09-30T15:37:22.093Z] Checked if tokens are valid: true, expires at: 1790785655648
[debug] [2026-09-30T15:37:22.094Z] Checked if tokens are valid: true, expires at: 1790785655648
[debug] [2026-09-30T15:37:22.094Z] >>> [apiv2][query] GET https://artifactregistry.googleapis.com/v1/projects/pokemonsuite-didi-lu/locations/europe-west1/repositories/gcf-artifacts [none]
[debug] [2026-09-30T15:37:22.190Z] <<< [apiv2][status] GET https://artifactregistry.googleapis.com/v1/projects/pokemonsuite-didi-lu/locations/europe-west1/repositories/gcf-artifacts 200
[debug] [2026-09-30T15:37:22.190Z] <<< [apiv2][body] GET https://artifactregistry.googleapis.com/v1/projects/pokemonsuite-didi-lu/locations/europe-west1/repositories/gcf-artifacts {"name":"projects/pokemonsuite-didi-lu/locations/europe-west1/repositories/gcf-artifacts","format":"DOCKER","description":"This repository is created and used by Cloud Functions for storing function docker images.","labels":{"goog-managed-by":"cloudfunctions"},"createTime":"2026-09-30T15:35:36.986518Z","updateTime":"2026-09-30T15:37:15.049860Z","mode":"STANDARD_REPOSITORY","sizeBytes":"104251334","vulnerabilityScanningConfig":{"lastEnableTime":"2026-09-30T15:35:24.928763954Z","enablementState":"SCANNING_DISABLED","enablementStateReason":"API containerscanning.googleapis.com is not enabled."},"satisfiesPzi":true,"registryUri":"europe-west1-docker.pkg.dev/pokemonsuite-didi-lu/gcf-artifacts"}
[warn] ⚠  functions: No cleanup policy detected for repositories in europe-west1. This may result in a small monthly bill as container images accumulate over time. 
[info] i  functions: Configuring cleanup policy for repository in europe-west1. Images older than 1 days will be automatically deleted. 
[debug] [2026-09-30T15:40:35.269Z] Setting up artifact cleanup policy for region europe-west1
[debug] [2026-09-30T15:40:35.270Z] Checked if tokens are valid: true, expires at: 1790785655648
[debug] [2026-09-30T15:40:35.270Z] Checked if tokens are valid: true, expires at: 1790785655648
[debug] [2026-09-30T15:40:35.270Z] >>> [apiv2][query] PATCH https://artifactregistry.googleapis.com/v1/projects/pokemonsuite-didi-lu/locations/europe-west1/repositories/gcf-artifacts updateMask=name%2CcleanupPolicies%2CcleanupPolicyDryRun%2Clabels
[debug] [2026-09-30T15:40:35.270Z] >>> [apiv2][body] PATCH https://artifactregistry.googleapis.com/v1/projects/pokemonsuite-didi-lu/locations/europe-west1/repositories/gcf-artifacts {"name":"projects/pokemonsuite-didi-lu/locations/europe-west1/repositories/gcf-artifacts","cleanupPolicies":{"firebase-functions-cleanup":{"id":"firebase-functions-cleanup","condition":{"tagState":"ANY","olderThan":"86400s"},"action":"DELETE"}},"cleanupPolicyDryRun":false,"labels":{"goog-managed-by":"cloudfunctions"}}
[debug] [2026-09-30T15:40:35.439Z] <<< [apiv2][status] PATCH https://artifactregistry.googleapis.com/v1/projects/pokemonsuite-didi-lu/locations/europe-west1/repositories/gcf-artifacts 200
[debug] [2026-09-30T15:40:35.440Z] <<< [apiv2][body] PATCH https://artifactregistry.googleapis.com/v1/projects/pokemonsuite-didi-lu/locations/europe-west1/repositories/gcf-artifacts {"name":"projects/pokemonsuite-didi-lu/locations/europe-west1/repositories/gcf-artifacts","format":"DOCKER","description":"This repository is created and used by Cloud Functions for storing function docker images.","labels":{"goog-managed-by":"cloudfunctions"},"createTime":"2026-09-30T15:35:36.986518Z","updateTime":"2026-09-30T15:40:35.374566Z","mode":"STANDARD_REPOSITORY","cleanupPolicies":{"firebase-functions-cleanup":{"id":"firebase-functions-cleanup","action":"DELETE","condition":{"tagState":"ANY","olderThan":"86400s"}}},"vulnerabilityScanningConfig":{"lastEnableTime":"2026-09-30T15:35:24.928763954Z","enablementState":"SCANNING_DISABLED","enablementStateReason":"API containerscanning.googleapis.com is not enabled."},"satisfiesPzi":true}
[info] i  functions: Configured cleanup policy for repository in europe-west1. 
[debug] [2026-09-30T15:40:35.440Z] Functions deploy failed.
[debug] [2026-09-30T15:40:35.440Z] {
  "endpoint": {
    "id": "apriPartita",
    "project": "pokemonsuite-didi-lu",
    "region": "europe-west1",
    "entryPoint": "apriPartita",
    "platform": "gcfv2",
    "runtime": "nodejs24",
    "callableTrigger": {},
    "labels": {
      "deployment-tool": "cli-firebase"
    },
    "serviceAccount": null,
    "ingressSettings": null,
    "availableMemoryMb": 512,
    "timeoutSeconds": 60,
    "maxInstances": null,
    "minInstances": null,
    "concurrency": 80,
    "vpc": null,
    "environmentVariables": {
      "CHIAVE_SCELTE": "asfiahirucjaskdjfnkjnkcvjenjkrn2i3443jn49unfejk23j498",
      "FIREBASE_CONFIG": "{\"projectId\":\"pokemonsuite-didi-lu\",\"databaseURL\":\"https://pokemonsuite-didi-lu-default-rtdb.europe-west1.firebasedatabase.app\",\"storageBucket\":\"pokemonsuite-didi-lu.firebasestorage.app\"}",
      "GCLOUD_PROJECT": "pokemonsuite-didi-lu",
      "EVENTARC_CLOUD_EVENT_SOURCE": "projects/pokemonsuite-didi-lu/locations/europe-west1/services/apriPartita",
      "FUNCTION_REGION": "europe-west1"
    },
    "codebase": "default",
    "cpu": 1,
    "targetedByOnly": false,
    "hash": "96186d4b819aef55c80b001ff2eab1a538b01adc"
  },
  "op": "create",
  "original": {
    "name": "FirebaseError",
    "children": [],
    "exit": 1,
    "message": "Could not create or update Cloud Run service apripartita, Container Healthcheck failed. The user-provided container failed to start and listen on the port defined provided by the PORT=8080 environment variable within the allocated timeout. This can happen when the container port is misconfigured or if the timeout is too short. The health check timeout can be extended. Logs for this revision might contain more information.\n\nLogs URL: https://console.cloud.google.com/logs/viewer?project=pokemonsuite-didi-lu&resource=cloud_run_revision/service_name/apripartita/revision_name/apripartita-00001-peb&advancedFilter=resource.type%3D%22cloud_run_revision%22%0Aresource.labels.service_name%3D%22apripartita%22%0Aresource.labels.revision_name%3D%22apripartita-00001-peb%22 \nFor more troubleshooting guidance, see https://cloud.google.com/run/docs/troubleshooting#container-failed-to-start",
    "original": {
      "code": 3,
      "message": "Could not create or update Cloud Run service apripartita, Container Healthcheck failed. The user-provided container failed to start and listen on the port defined provided by the PORT=8080 environment variable within the allocated timeout. This can happen when the container port is misconfigured or if the timeout is too short. The health check timeout can be extended. Logs for this revision might contain more information.\n\nLogs URL: https://console.cloud.google.com/logs/viewer?project=pokemonsuite-didi-lu&resource=cloud_run_revision/service_name/apripartita/revision_name/apripartita-00001-peb&advancedFilter=resource.type%3D%22cloud_run_revision%22%0Aresource.labels.service_name%3D%22apripartita%22%0Aresource.labels.revision_name%3D%22apripartita-00001-peb%22 \nFor more troubleshooting guidance, see https://cloud.google.com/run/docs/troubleshooting#container-failed-to-start"
    },
    "status": 3,
    "code": 3
  }
}
[debug] [2026-09-30T15:40:35.440Z] {
  "endpoint": {
    "id": "prontoPartita",
    "project": "pokemonsuite-didi-lu",
    "region": "europe-west1",
    "entryPoint": "prontoPartita",
    "platform": "gcfv2",
    "runtime": "nodejs24",
    "callableTrigger": {},
    "labels": {
      "deployment-tool": "cli-firebase"
    },
    "serviceAccount": null,
    "ingressSettings": null,
    "availableMemoryMb": 512,
    "timeoutSeconds": 60,
    "maxInstances": null,
    "minInstances": null,
    "concurrency": 80,
    "vpc": null,
    "environmentVariables": {
      "CHIAVE_SCELTE": "asfiahirucjaskdjfnkjnkcvjenjkrn2i3443jn49unfejk23j498",
      "FIREBASE_CONFIG": "{\"projectId\":\"pokemonsuite-didi-lu\",\"databaseURL\":\"https://pokemonsuite-didi-lu-default-rtdb.europe-west1.firebasedatabase.app\",\"storageBucket\":\"pokemonsuite-didi-lu.firebasestorage.app\"}",
      "GCLOUD_PROJECT": "pokemonsuite-didi-lu",
      "EVENTARC_CLOUD_EVENT_SOURCE": "projects/pokemonsuite-didi-lu/locations/europe-west1/services/prontoPartita",
      "FUNCTION_REGION": "europe-west1"
    },
    "codebase": "default",
    "cpu": 1,
    "targetedByOnly": false,
    "hash": "96186d4b819aef55c80b001ff2eab1a538b01adc"
  },
  "op": "create",
  "original": {
    "name": "FirebaseError",
    "children": [],
    "exit": 1,
    "message": "Could not create or update Cloud Run service prontopartita, Container Healthcheck failed. Revision 'prontopartita-00001-yed' is not ready and cannot serve traffic. The user-provided container failed to start and listen on the port defined provided by the PORT=8080 environment variable within the allocated timeout. This can happen when the container port is misconfigured or if the timeout is too short. The health check timeout can be extended. Logs for this revision might contain more information.\n\nLogs URL: https://console.cloud.google.com/logs/viewer?project=pokemonsuite-didi-lu&resource=cloud_run_revision/service_name/prontopartita/revision_name/prontopartita-00001-yed&advancedFilter=resource.type%3D%22cloud_run_revision%22%0Aresource.labels.service_name%3D%22prontopartita%22%0Aresource.labels.revision_name%3D%22prontopartita-00001-yed%22 \nFor more troubleshooting guidance, see https://cloud.google.com/run/docs/troubleshooting#container-failed-to-start",
    "original": {
      "code": 3,
      "message": "Could not create or update Cloud Run service prontopartita, Container Healthcheck failed. Revision 'prontopartita-00001-yed' is not ready and cannot serve traffic. The user-provided container failed to start and listen on the port defined provided by the PORT=8080 environment variable within the allocated timeout. This can happen when the container port is misconfigured or if the timeout is too short. The health check timeout can be extended. Logs for this revision might contain more information.\n\nLogs URL: https://console.cloud.google.com/logs/viewer?project=pokemonsuite-didi-lu&resource=cloud_run_revision/service_name/prontopartita/revision_name/prontopartita-00001-yed&advancedFilter=resource.type%3D%22cloud_run_revision%22%0Aresource.labels.service_name%3D%22prontopartita%22%0Aresource.labels.revision_name%3D%22prontopartita-00001-yed%22 \nFor more troubleshooting guidance, see https://cloud.google.com/run/docs/troubleshooting#container-failed-to-start"
    },
    "status": 3,
    "code": 3
  }
}
[debug] [2026-09-30T15:40:35.440Z] {
  "endpoint": {
    "id": "inviaScelta",
    "project": "pokemonsuite-didi-lu",
    "region": "europe-west1",
    "entryPoint": "inviaScelta",
    "platform": "gcfv2",
    "runtime": "nodejs24",
    "callableTrigger": {},
    "labels": {
      "deployment-tool": "cli-firebase"
    },
    "serviceAccount": null,
    "ingressSettings": null,
    "availableMemoryMb": 512,
    "timeoutSeconds": 60,
    "maxInstances": null,
    "minInstances": 0,
    "concurrency": 80,
    "vpc": null,
    "environmentVariables": {
      "CHIAVE_SCELTE": "asfiahirucjaskdjfnkjnkcvjenjkrn2i3443jn49unfejk23j498",
      "FIREBASE_CONFIG": "{\"projectId\":\"pokemonsuite-didi-lu\",\"databaseURL\":\"https://pokemonsuite-didi-lu-default-rtdb.europe-west1.firebasedatabase.app\",\"storageBucket\":\"pokemonsuite-didi-lu.firebasestorage.app\"}",
      "GCLOUD_PROJECT": "pokemonsuite-didi-lu",
      "EVENTARC_CLOUD_EVENT_SOURCE": "projects/pokemonsuite-didi-lu/locations/europe-west1/services/inviaScelta",
      "FUNCTION_REGION": "europe-west1"
    },
    "codebase": "default",
    "cpu": 1,
    "targetedByOnly": false,
    "hash": "96186d4b819aef55c80b001ff2eab1a538b01adc"
  },
  "op": "create",
  "original": {
    "name": "FirebaseError",
    "children": [],
    "exit": 1,
    "message": "Could not create or update Cloud Run service inviascelta, Container Healthcheck failed. The user-provided container failed to start and listen on the port defined provided by the PORT=8080 environment variable within the allocated timeout. This can happen when the container port is misconfigured or if the timeout is too short. The health check timeout can be extended. Logs for this revision might contain more information.\n\nLogs URL: https://console.cloud.google.com/logs/viewer?project=pokemonsuite-didi-lu&resource=cloud_run_revision/service_name/inviascelta/revision_name/inviascelta-00001-yaw&advancedFilter=resource.type%3D%22cloud_run_revision%22%0Aresource.labels.service_name%3D%22inviascelta%22%0Aresource.labels.revision_name%3D%22inviascelta-00001-yaw%22 \nFor more troubleshooting guidance, see https://cloud.google.com/run/docs/troubleshooting#container-failed-to-start",
    "original": {
      "code": 3,
      "message": "Could not create or update Cloud Run service inviascelta, Container Healthcheck failed. The user-provided container failed to start and listen on the port defined provided by the PORT=8080 environment variable within the allocated timeout. This can happen when the container port is misconfigured or if the timeout is too short. The health check timeout can be extended. Logs for this revision might contain more information.\n\nLogs URL: https://console.cloud.google.com/logs/viewer?project=pokemonsuite-didi-lu&resource=cloud_run_revision/service_name/inviascelta/revision_name/inviascelta-00001-yaw&advancedFilter=resource.type%3D%22cloud_run_revision%22%0Aresource.labels.service_name%3D%22inviascelta%22%0Aresource.labels.revision_name%3D%22inviascelta-00001-yaw%22 \nFor more troubleshooting guidance, see https://cloud.google.com/run/docs/troubleshooting#container-failed-to-start"
    },
    "status": 3,
    "code": 3
  }
}
[debug] [2026-09-30T15:40:35.441Z] {
  "endpoint": {
    "id": "salvaPartitaConclusa",
    "project": "pokemonsuite-didi-lu",
    "region": "europe-west1",
    "entryPoint": "salvaPartitaConclusa",
    "platform": "gcfv2",
    "runtime": "nodejs24",
    "eventTrigger": {
      "eventType": "google.firebase.database.ref.v1.written",
      "retry": false,
      "eventFilters": {
        "instance": "pokemonsuite-didi-lu-default-rtdb"
      },
      "eventFilterPathPatterns": {
        "ref": "partite/{id}/stato"
      },
      "region": "europe-west1"
    },
    "labels": {
      "deployment-tool": "cli-firebase"
    },
    "serviceAccount": null,
    "ingressSettings": null,
    "availableMemoryMb": 512,
    "timeoutSeconds": 300,
    "maxInstances": null,
    "minInstances": null,
    "concurrency": 80,
    "vpc": null,
    "environmentVariables": {
      "CHIAVE_SCELTE": "asfiahirucjaskdjfnkjnkcvjenjkrn2i3443jn49unfejk23j498",
      "FIREBASE_CONFIG": "{\"projectId\":\"pokemonsuite-didi-lu\",\"databaseURL\":\"https://pokemonsuite-didi-lu-default-rtdb.europe-west1.firebasedatabase.app\",\"storageBucket\":\"pokemonsuite-didi-lu.firebasestorage.app\"}",
      "GCLOUD_PROJECT": "pokemonsuite-didi-lu",
      "EVENTARC_CLOUD_EVENT_SOURCE": "projects/pokemonsuite-didi-lu/locations/europe-west1/services/salvaPartitaConclusa",
      "FUNCTION_REGION": "europe-west1"
    },
    "codebase": "default",
    "cpu": 1,
    "targetedByOnly": false,
    "hash": "96186d4b819aef55c80b001ff2eab1a538b01adc"
  },
  "op": "create",
  "original": {
    "name": "FirebaseError",
    "children": [],
    "context": {
      "function": "projects/pokemonsuite-didi-lu/locations/europe-west1/functions/salvaPartitaConclusa"
    },
    "exit": 1,
    "message": "Failed to create function projects/pokemonsuite-didi-lu/locations/europe-west1/functions/salvaPartitaConclusa",
    "original": {
      "name": "FirebaseError",
      "children": [],
      "context": {
        "body": {
          "error": {
            "code": 400,
            "message": "Validation failed for trigger projects/pokemonsuite-didi-lu/locations/europe-west1/triggers/salvapartitaconclusa-562599: Invalid resource state for \"\": Permission denied while using the Eventarc Service Agent. If you recently started to use Eventarc, it may take a few minutes before all necessary permissions are propagated to the Service Agent. Otherwise, verify that it has Eventarc Service Agent role.",
            "status": "FAILED_PRECONDITION"
          }
        },
        "response": {
          "statusCode": 400
        }
      },
      "exit": 1,
      "message": "Request to https://cloudfunctions.googleapis.com/v2/projects/pokemonsuite-didi-lu/locations/europe-west1/functions?functionId=salvaPartitaConclusa had HTTP Error: 400, Validation failed for trigger projects/pokemonsuite-didi-lu/locations/europe-west1/triggers/salvapartitaconclusa-562599: Invalid resource state for \"\": Permission denied while using the Eventarc Service Agent. If you recently started to use Eventarc, it may take a few minutes before all necessary permissions are propagated to the Service Agent. Otherwise, verify that it has Eventarc Service Agent role.",
      "status": 400
    },
    "status": 400,
    "code": 400
  }
}
[error] Error: There was an error deploying functions:
[error] - Error Failed to create function apriPartita in region europe-west1
[error] - Error Failed to create function prontoPartita in region europe-west1
[error] - Error Failed to create function inviaScelta in region europe-west1
[error] - Error Failed to create function salvaPartitaConclusa in region europe-west1
